Campaign,Campaign Type,Campaign Daily Budget,Campaign Status,Networks,Languages,Location,Ad Schedule,Bid Strategy Type,Max CPC Bid Limit,Ad Group,Ad Group Status,Max CPC,Keyword,Criterion Type,Final URL,Path 1,Path 2,Headline 1,Headline 2,Headline 3,Headline 4,Headline 5,Headline 6,Headline 7,Headline 8,Headline 9,Headline 10,Headline 11,Headline 12,Headline 13,Headline 14,Headline 15,Description 1,Description 2,Description 3,Description 4
S1 Équipement chaises-tables,Search,18,Enabled,Google search,French;English,"Laval, Quebec, Canada;Terrebonne, Quebec, Canada;Blainville, Quebec, Canada;Sainte-Therese, Quebec, Canada;Boisbriand, Quebec, Canada;Mirabel, Quebec, Canada;Saint-Jerome, Quebec, Canada;Mascouche, Quebec, Canada;Repentigny, Quebec, Canada;Montreal, Quebec, Canada;Rosemere, Quebec, Canada;Lorraine, Quebec, Canada;Bois-des-Filion, Quebec, Canada;Sainte-Anne-des-Plaines, Quebec, Canada;Saint-Eustache, Quebec, Canada;Deux-Montagnes, Quebec, Canada",Monday 09:00-18:00;Tuesday 09:00-18:00;Wednesday 09:00-18:00;Thursday 09:00-18:00;Friday 09:00-18:00,Maximize clicks,2.50,Chaises pliantes,Enabled,2.50,location chaise,Phrase,,,,,,,,,,,,,,,,,,,,,,
S1 Équipement chaises-tables,Search,18,Enabled,Google search,French;English,"Laval, Quebec, Canada;Terrebonne, Quebec, Canada;Blainville, Quebec, Canada;Sainte-Therese, Quebec, Canada;Boisbriand, Quebec, Canada;Mirabel, Quebec, Canada;Saint-Jerome, Quebec, Canada;Mascouche, Quebec, Canada;Repentigny, Quebec, Canada;Montreal, Quebec, Canada;Rosemere, Quebec, Canada;Lorraine, Quebec, Canada;Bois-des-Filion, Quebec, Canada;Sainte-Anne-des-Plaines, Quebec, Canada;Saint-Eustache, Quebec, Canada;Deux-Montagnes, Quebec, Canada",Monday 09:00-18:00;Tuesday 09:00-18:00;Wednesday 09:00-18:00;Thursday 09:00-18:00;Friday 09:00-18:00,Maximize clicks,2.50,Chaises pliantes,Enabled,2.50,location chaise,Exact,,,,,,,,,,,,,,,,,,,,,,
S1 Équipement chaises-tables,Search,18,Enabled,Google search,French;English,"Laval, Quebec, Canada;Terrebonne, Quebec, Canada;Blainville, Quebec, Canada;Sainte-Therese, Quebec, Canada;Boisbriand, Quebec, Canada;Mirabel, Quebec, Canada;Saint-Jerome, Quebec, Canada;Mascouche, Quebec, Canada;Repentigny, Quebec, Canada;Montreal, Quebec, Canada;Rosemere, Quebec, Canada;Lorraine, Quebec, Canada;Bois-des-Filion, Quebec, Canada;Sainte-Anne-des-Plaines, Quebec, Canada;Saint-Eustache, Quebec, Canada;Deux-Montagnes, Quebec, Canada",Monday 09:00-18:00;Tuesday 09:00-18:00;Wednesday 09:00-18:00;Thursday 09:00-18:00;Friday 09:00-18:00,Maximize clicks,2.50,Chaises pliantes,Enabled,2.50,location chaises,Phrase,,,,,,,,,,,,,,,,,,,,,,
S1 Équipement chaises-tables,Search,18,Enabled,Google search,French;English,"Laval, Quebec, Canada;Terrebonne, Quebec, Canada;Blainville, Quebec, Canada;Sainte-Therese, Quebec, Canada;Boisbriand, Quebec, Canada;Mirabel, Quebec, Canada;Saint-Jerome, Quebec, Canada;Mascouche, Quebec, Canada;Repentigny, Quebec, Canada;Montreal, Quebec, Canada;Rosemere, Quebec, Canada;Lorraine, Quebec, Canada;Bois-des-Filion, Quebec, Canada;Sainte-Anne-des-Plaines, Quebec, Canada;Saint-Eustache, Quebec, Canada;Deux-Montagnes, Quebec, Canada",Monday 09:00-18:00;Tuesday 09:00-18:00;Wednesday 09:00-18:00;Thursday 09:00-18:00;Friday 09:00-18:00,Maximize clicks,2.50,Chaises pliantes,Enabled,2.50,location chaises,Exact,,,,,,,,,,,,,,,,,,,,,,
S1 Équipement chaises-tables,Search,18,Enabled,Google search,French;English,"Laval, Quebec, Canada;Terrebonne, Quebec, Canada;Blainville, Quebec, Canada;Sainte-Therese, Quebec, Canada;Boisbriand, Quebec, Canada;Mirabel, Quebec, Canada;Saint-Jerome, Quebec, Canada;Mascouche, Quebec, Canada;Repentigny, Quebec, Canada;Montreal, Quebec, Canada;Rosemere, Quebec, Canada;Lorraine, Quebec, Canada;Bois-des-Filion, Quebec, Canada;Sainte-Anne-des-Plaines, Quebec, Canada;Saint-Eustache, Quebec, Canada;Deux-Montagnes, Quebec, Canada",Monday 09:00-18:00;Tuesday 09:00-18:00;Wednesday 09:00-18:00;Thursday 09:00-18:00;Friday 09:00-18:00,Maximize clicks,2.50,Chaises pliantes,Enabled,2.50,location chaises pliantes,Phrase,,,,,,,,,,,,,,,,,,,,,,
S1 Équipement chaises-tables,Search,18,Enabled,Google search,French;English,"Laval, Quebec, Canada;Terrebonne, Quebec, Canada;Blainville, Quebec, Canada;Sainte-Therese, Quebec, Canada;Boisbriand, Quebec, Canada;Mirabel, Quebec, Canada;Saint-Jerome, Quebec, Canada;Mascouche, Quebec, Canada;Repentigny, Quebec, Canada;Montreal, Quebec, Canada;Rosemere, Quebec, Canada;Lorraine, Quebec, Canada;Bois-des-Filion, Quebec, Canada;Sainte-Anne-des-Plaines, Quebec, Canada;Saint-Eustache, Quebec, Canada;Deux-Montagnes, Quebec, Canada",Monday 09:00-18:00;Tuesday 09:00-18:00;Wednesday 09:00-18:00;Thursday 09:00-18:00;Friday 09:00-18:00,Maximize clicks,2.50,Chaises pliantes,Enabled,2.50,location chaises pliantes,Exact,,,,,,,,,,,,,,,,,,,,,,
S1 Équipement chaises-tables,Search,18,Enabled,Google search,French;English,"Laval, Quebec, Canada;Terrebonne, Quebec, Canada;Blainville, Quebec, Canada;Sainte-Therese, Quebec, Canada;Boisbriand, Quebec, Canada;Mirabel, Quebec, Canada;Saint-Jerome, Quebec, Canada;Mascouche, Quebec, Canada;Repentigny, Quebec, Canada;Montreal, Quebec, Canada;Rosemere, Quebec, Canada;Lorraine, Quebec, Canada;Bois-des-Filion, Quebec, Canada;Sainte-Anne-des-Plaines, Quebec, Canada;Saint-Eustache, Quebec, Canada;Deux-Montagnes, Quebec, Canada",Monday 09:00-18:00;Tuesday 09:00-18:00;Wednesday 09:00-18:00;Thursday 09:00-18:00;Friday 09:00-18:00,Maximize clicks,2.50,Chaises pliantes,Enabled,2.50,location de chaises laval,Phrase,,,,,,,,,,,,,,,,,,,,,,
S1 Équipement chaises-tables,Search,18,Enabled,Google search,French;English,"Laval, Quebec, Canada;Terrebonne, Quebec, Canada;Blainville, Quebec, Canada;Sainte-Therese, Quebec, Canada;Boisbriand, Quebec, Canada;Mirabel, Quebec, Canada;Saint-Jerome, Quebec, Canada;Mascouche, Quebec, Canada;Repentigny, Quebec, Canada;Montreal, Quebec, Canada;Rosemere, Quebec, Canada;Lorraine, Quebec, Canada;Bois-des-Filion, Quebec, Canada;Sainte-Anne-des-Plaines, Quebec, Canada;Saint-Eustache, Quebec, Canada;Deux-Montagnes, Quebec, Canada",Monday 09:00-18:00;Tuesday 09:00-18:00;Wednesday 09:00-18:00;Thursday 09:00-18:00;Friday 09:00-18:00,Maximize clicks,2.50,Chaises pliantes,Enabled,2.50,location de chaises laval,Exact,,,,,,,,,,,,,,,,,,,,,,
S1 Équipement chaises-tables,Search,18,Enabled,Google search,French;English,"Laval, Quebec, Canada;Terrebonne, Quebec, Canada;Blainville, Quebec, Canada;Sainte-Therese, Quebec, Canada;Boisbriand, Quebec, Canada;Mirabel, Quebec, Canada;Saint-Jerome, Quebec, Canada;Mascouche, Quebec, Canada;Repentigny, Quebec, Canada;Montreal, Quebec, Canada;Rosemere, Quebec, Canada;Lorraine, Quebec, Canada;Bois-des-Filion, Quebec, Canada;Sainte-Anne-des-Plaines, Quebec, Canada;Saint-Eustache, Quebec, Canada;Deux-Montagnes, Quebec, Canada",Monday 09:00-18:00;Tuesday 09:00-18:00;Wednesday 09:00-18:00;Thursday 09:00-18:00;Friday 09:00-18:00,Maximize clicks,2.50,Chaises pliantes,Enabled,2.50,location chaise rive-nord,Phrase,,,,,,,,,,,,,,,,,,,,,,
S1 Équipement chaises-tables,Search,18,Enabled,Google search,French;English,"Laval, Quebec, Canada;Terrebonne, Quebec, Canada;Blainville, Quebec, Canada;Sainte-Therese, Quebec, Canada;Boisbriand, Quebec, Canada;Mirabel, Quebec, Canada;Saint-Jerome, Quebec, Canada;Mascouche, Quebec, Canada;Repentigny, Quebec, Canada;Montreal, Quebec, Canada;Rosemere, Quebec, Canada;Lorraine, Quebec, Canada;Bois-des-Filion, Quebec, Canada;Sainte-Anne-des-Plaines, Quebec, Canada;Saint-Eustache, Quebec, Canada;Deux-Montagnes, Quebec, Canada",Monday 09:00-18:00;Tuesday 09:00-18:00;Wednesday 09:00-18:00;Thursday 09:00-18:00;Friday 09:00-18:00,Maximize clicks,2.50,Chaises pliantes,Enabled,2.50,location chaise rive-nord,Exact,,,,,,,,,,,,,,,,,,,,,,
S1 Équipement chaises-tables,Search,18,Enabled,Google search,French;English,"Laval, Quebec, Canada;Terrebonne, Quebec, Canada;Blainville, Quebec, Canada;Sainte-Therese, Quebec, Canada;Boisbriand, Quebec, Canada;Mirabel, Quebec, Canada;Saint-Jerome, Quebec, Canada;Mascouche, Quebec, Canada;Repentigny, Quebec, Canada;Montreal, Quebec, Canada;Rosemere, Quebec, Canada;Lorraine, Quebec, Canada;Bois-des-Filion, Quebec, Canada;Sainte-Anne-des-Plaines, Quebec, Canada;Saint-Eustache, Quebec, Canada;Deux-Montagnes, Quebec, Canada",Monday 09:00-18:00;Tuesday 09:00-18:00;Wednesday 09:00-18:00;Thursday 09:00-18:00;Friday 09:00-18:00,Maximize clicks,2.50,Chaises pliantes,Enabled,2.50,louer des chaises pour party,Phrase,,,,,,,,,,,,,,,,,,,,,,
S1 Équipement chaises-tables,Search,18,Enabled,Google search,French;English,"Laval, Quebec, Canada;Terrebonne, Quebec, Canada;Blainville, Quebec, Canada;Sainte-Therese, Quebec, Canada;Boisbriand, Quebec, Canada;Mirabel, Quebec, Canada;Saint-Jerome, Quebec, Canada;Mascouche, Quebec, Canada;Repentigny, Quebec, Canada;Montreal, Quebec, Canada;Rosemere, Quebec, Canada;Lorraine, Quebec, Canada;Bois-des-Filion, Quebec, Canada;Sainte-Anne-des-Plaines, Quebec, Canada;Saint-Eustache, Quebec, Canada;Deux-Montagnes, Quebec, Canada",Monday 09:00-18:00;Tuesday 09:00-18:00;Wednesday 09:00-18:00;Thursday 09:00-18:00;Friday 09:00-18:00,Maximize clicks,2.50,Chaises pliantes,Enabled,2.50,louer des chaises pour party,Exact,,,,,,,,,,,,,,,,,,,,,,
S1 Équipement chaises-tables,Search,18,Enabled,Google search,French;English,"Laval, Quebec, Canada;Terrebonne, Quebec, Canada;Blainville, Quebec, Canada;Sainte-Therese, Quebec, Canada;Boisbriand, Quebec, Canada;Mirabel, Quebec, Canada;Saint-Jerome, Quebec, Canada;Mascouche, Quebec, Canada;Repentigny, Quebec, Canada;Montreal, Quebec, Canada;Rosemere, Quebec, Canada;Lorraine, Quebec, Canada;Bois-des-Filion, Quebec, Canada;Sainte-Anne-des-Plaines, Quebec, Canada;Saint-Eustache, Quebec, Canada;Deux-Montagnes, Quebec, Canada",Monday 09:00-18:00;Tuesday 09:00-18:00;Wednesday 09:00-18:00;Thursday 09:00-18:00;Friday 09:00-18:00,Maximize clicks,2.50,Chaises pliantes,Enabled,2.50,location chaises terrebonne,Phrase,,,,,,,,,,,,,,,,,,,,,,
S1 Équipement chaises-tables,Search,18,Enabled,Google search,French;English,"Laval, Quebec, Canada;Terrebonne, Quebec, Canada;Blainville, Quebec, Canada;Sainte-Therese, Quebec, Canada;Boisbriand, Quebec, Canada;Mirabel, Quebec, Canada;Saint-Jerome, Quebec, Canada;Mascouche, Quebec, Canada;Repentigny, Quebec, Canada;Montreal, Quebec, Canada;Rosemere, Quebec, Canada;Lorraine, Quebec, Canada;Bois-des-Filion, Quebec, Canada;Sainte-Anne-des-Plaines, Quebec, Canada;Saint-Eustache, Quebec, Canada;Deux-Montagnes, Quebec, Canada",Monday 09:00-18:00;Tuesday 09:00-18:00;Wednesday 09:00-18:00;Thursday 09:00-18:00;Friday 09:00-18:00,Maximize clicks,2.50,Chaises pliantes,Enabled,2.50,location chaises terrebonne,Exact,,,,,,,,,,,,,,,,,,,,,,
S1 Équipement chaises-tables,Search,18,Enabled,Google search,French;English,"Laval, Quebec, Canada;Terrebonne, Quebec, Canada;Blainville, Quebec, Canada;Sainte-Therese, Quebec, Canada;Boisbriand, Quebec, Canada;Mirabel, Quebec, Canada;Saint-Jerome, Quebec, Canada;Mascouche, Quebec, Canada;Repentigny, Quebec, Canada;Montreal, Quebec, Canada;Rosemere, Quebec, Canada;Lorraine, Quebec, Canada;Bois-des-Filion, Quebec, Canada;Sainte-Anne-des-Plaines, Quebec, Canada;Saint-Eustache, Quebec, Canada;Deux-Montagnes, Quebec, Canada",Monday 09:00-18:00;Tuesday 09:00-18:00;Wednesday 09:00-18:00;Thursday 09:00-18:00;Friday 09:00-18:00,Maximize clicks,2.50,Chaises pliantes,Enabled,2.50,location chaises blainville,Phrase,,,,,,,,,,,,,,,,,,,,,,
S1 Équipement chaises-tables,Search,18,Enabled,Google search,French;English,"Laval, Quebec, Canada;Terrebonne, Quebec, Canada;Blainville, Quebec, Canada;Sainte-Therese, Quebec, Canada;Boisbriand, Quebec, Canada;Mirabel, Quebec, Canada;Saint-Jerome, Quebec, Canada;Mascouche, Quebec, Canada;Repentigny, Quebec, Canada;Montreal, Quebec, Canada;Rosemere, Quebec, Canada;Lorraine, Quebec, Canada;Bois-des-Filion, Quebec, Canada;Sainte-Anne-des-Plaines, Quebec, Canada;Saint-Eustache, Quebec, Canada;Deux-Montagnes, Quebec, Canada",Monday 09:00-18:00;Tuesday 09:00-18:00;Wednesday 09:00-18:00;Thursday 09:00-18:00;Friday 09:00-18:00,Maximize clicks,2.50,Chaises pliantes,Enabled,2.50,location chaises blainville,Exact,,,,,,,,,,,,,,,,,,,,,,
S1 Équipement chaises-tables,Search,18,Enabled,Google search,French;English,"Laval, Quebec, Canada;Terrebonne, Quebec, Canada;Blainville, Quebec, Canada;Sainte-Therese, Quebec, Canada;Boisbriand, Quebec, Canada;Mirabel, Quebec, Canada;Saint-Jerome, Quebec, Canada;Mascouche, Quebec, Canada;Repentigny, Quebec, Canada;Montreal, Quebec, Canada;Rosemere, Quebec, Canada;Lorraine, Quebec, Canada;Bois-des-Filion, Quebec, Canada;Sainte-Anne-des-Plaines, Quebec, Canada;Saint-Eustache, Quebec, Canada;Deux-Montagnes, Quebec, Canada",Monday 09:00-18:00;Tuesday 09:00-18:00;Wednesday 09:00-18:00;Thursday 09:00-18:00;Friday 09:00-18:00,Maximize clicks,2.50,Chaises pliantes,Enabled,2.50,location chaise ste-therese,Phrase,,,,,,,,,,,,,,,,,,,,,,
S1 Équipement chaises-tables,Search,18,Enabled,Google search,French;English,"Laval, Quebec, Canada;Terrebonne, Quebec, Canada;Blainville, Quebec, Canada;Sainte-Therese, Quebec, Canada;Boisbriand, Quebec, Canada;Mirabel, Quebec, Canada;Saint-Jerome, Quebec, Canada;Mascouche, Quebec, Canada;Repentigny, Quebec, Canada;Montreal, Quebec, Canada;Rosemere, Quebec, Canada;Lorraine, Quebec, Canada;Bois-des-Filion, Quebec, Canada;Sainte-Anne-des-Plaines, Quebec, Canada;Saint-Eustache, Quebec, Canada;Deux-Montagnes, Quebec, Canada",Monday 09:00-18:00;Tuesday 09:00-18:00;Wednesday 09:00-18:00;Thursday 09:00-18:00;Friday 09:00-18:00,Maximize clicks,2.50,Chaises pliantes,Enabled,2.50,location chaise ste-therese,Exact,,,,,,,,,,,,,,,,,,,,,,
S1 Équipement chaises-tables,Search,18,Enabled,Google search,French;English,"Laval, Quebec, Canada;Terrebonne, Quebec, Canada;Blainville, Quebec, Canada;Sainte-Therese, Quebec, Canada;Boisbriand, Quebec, Canada;Mirabel, Quebec, Canada;Saint-Jerome, Quebec, Canada;Mascouche, Quebec, Canada;Repentigny, Quebec, Canada;Montreal, Quebec, Canada;Rosemere, Quebec, Canada;Lorraine, Quebec, Canada;Bois-des-Filion, Quebec, Canada;Sainte-Anne-des-Plaines, Quebec, Canada;Saint-Eustache, Quebec, Canada;Deux-Montagnes, Quebec, Canada",Monday 09:00-18:00;Tuesday 09:00-18:00;Wednesday 09:00-18:00;Thursday 09:00-18:00;Friday 09:00-18:00,Maximize clicks,2.50,Chaises pliantes,Enabled,2.50,location chaises pas cher,Phrase,,,,,,,,,,,,,,,,,,,,,,
S1 Équipement chaises-tables,Search,18,Enabled,Google search,French;English,"Laval, Quebec, Canada;Terrebonne, Quebec, Canada;Blainville, Quebec, Canada;Sainte-Therese, Quebec, Canada;Boisbriand, Quebec, Canada;Mirabel, Quebec, Canada;Saint-Jerome, Quebec, Canada;Mascouche, Quebec, Canada;Repentigny, Quebec, Canada;Montreal, Quebec, Canada;Rosemere, Quebec, Canada;Lorraine, Quebec, Canada;Bois-des-Filion, Quebec, Canada;Sainte-Anne-des-Plaines, Quebec, Canada;Saint-Eustache, Quebec, Canada;Deux-Montagnes, Quebec, Canada",Monday 09:00-18:00;Tuesday 09:00-18:00;Wednesday 09:00-18:00;Thursday 09:00-18:00;Friday 09:00-18:00,Maximize clicks,2.50,Chaises pliantes,Enabled,2.50,location chaises pas cher,Exact,,,,,,,,,,,,,,,,,,,,,,
S1 Équipement chaises-tables,Search,18,Enabled,Google search,French;English,"Laval, Quebec, Canada;Terrebonne, Quebec, Canada;Blainville, Quebec, Canada;Sainte-Therese, Quebec, Canada;Boisbriand, Quebec, Canada;Mirabel, Quebec, Canada;Saint-Jerome, Quebec, Canada;Mascouche, Quebec, Canada;Repentigny, Quebec, Canada;Montreal, Quebec, Canada;Rosemere, Quebec, Canada;Lorraine, Quebec, Canada;Bois-des-Filion, Quebec, Canada;Sainte-Anne-des-Plaines, Quebec, Canada;Saint-Eustache, Quebec, Canada;Deux-Montagnes, Quebec, Canada",Monday 09:00-18:00;Tuesday 09:00-18:00;Wednesday 09:00-18:00;Thursday 09:00-18:00;Friday 09:00-18:00,Maximize clicks,2.50,Chaises pliantes,Enabled,,,,https://evenox.ca/location-chaise-pliante/,chaises,location,Location de chaises pliantes,Chaises dès 3 $ | Rive-Nord,Cueillette à Ste-Thérèse,Réservation en ligne 24/7,Devis en 10 minutes,Livraison Laval–Montréal,Chaises pour party et Noël,Quantités garanties,,,,,,,,"Chaises pliantes prêtes pour votre party. Réservez en ligne, cueillette ou livraison.","Clé en main: une soumission, une livraison, une facture. Devis en 10 minutes.",,
S1 Équipement chaises-tables,Search,18,Enabled,Google search,French;English,"Laval, Quebec, Canada;Terrebonne, Quebec, Canada;Blainville, Quebec, Canada;Sainte-Therese, Quebec, Canada;Boisbriand, Quebec, Canada;Mirabel, Quebec, Canada;Saint-Jerome, Quebec, Canada;Mascouche, Quebec, Canada;Repentigny, Quebec, Canada;Montreal, Quebec, Canada;Rosemere, Quebec, Canada;Lorraine, Quebec, Canada;Bois-des-Filion, Quebec, Canada;Sainte-Anne-des-Plaines, Quebec, Canada;Saint-Eustache, Quebec, Canada;Deux-Montagnes, Quebec, Canada",Monday 09:00-18:00;Tuesday 09:00-18:00;Wednesday 09:00-18:00;Thursday 09:00-18:00;Friday 09:00-18:00,Maximize clicks,2.50,Tables,Enabled,2.50,location table,Phrase,,,,,,,,,,,,,,,,,,,,,,
S1 Équipement chaises-tables,Search,18,Enabled,Google search,French;English,"Laval, Quebec, Canada;Terrebonne, Quebec, Canada;Blainville, Quebec, Canada;Sainte-Therese, Quebec, Canada;Boisbriand, Quebec, Canada;Mirabel, Quebec, Canada;Saint-Jerome, Quebec, Canada;Mascouche, Quebec, Canada;Repentigny, Quebec, Canada;Montreal, Quebec, Canada;Rosemere, Quebec, Canada;Lorraine, Quebec, Canada;Bois-des-Filion, Quebec, Canada;Sainte-Anne-des-Plaines, Quebec, Canada;Saint-Eustache, Quebec, Canada;Deux-Montagnes, Quebec, Canada",Monday 09:00-18:00;Tuesday 09:00-18:00;Wednesday 09:00-18:00;Thursday 09:00-18:00;Friday 09:00-18:00,Maximize clicks,2.50,Tables,Enabled,2.50,location table,Exact,,,,,,,,,,,,,,,,,,,,,,
S1 Équipement chaises-tables,Search,18,Enabled,Google search,French;English,"Laval, Quebec, Canada;Terrebonne, Quebec, Canada;Blainville, Quebec, Canada;Sainte-Therese, Quebec, Canada;Boisbriand, Quebec, Canada;Mirabel, Quebec, Canada;Saint-Jerome, Quebec, Canada;Mascouche, Quebec, Canada;Repentigny, Quebec, Canada;Montreal, Quebec, Canada;Rosemere, Quebec, Canada;Lorraine, Quebec, Canada;Bois-des-Filion, Quebec, Canada;Sainte-Anne-des-Plaines, Quebec, Canada;Saint-Eustache, Quebec, Canada;Deux-Montagnes, Quebec, Canada",Monday 09:00-18:00;Tuesday 09:00-18:00;Wednesday 09:00-18:00;Thursday 09:00-18:00;Friday 09:00-18:00,Maximize clicks,2.50,Tables,Enabled,2.50,location tables,Phrase,,,,,,,,,,,,,,,,,,,,,,
S1 Équipement chaises-tables,Search,18,Enabled,Google search,French;English,"Laval, Quebec, Canada;Terrebonne, Quebec, Canada;Blainville, Quebec, Canada;Sainte-Therese, Quebec, Canada;Boisbriand, Quebec, Canada;Mirabel, Quebec, Canada;Saint-Jerome, Quebec, Canada;Mascouche, Quebec, Canada;Repentigny, Quebec, Canada;Montreal, Quebec, Canada;Rosemere, Quebec, Canada;Lorraine, Quebec, Canada;Bois-des-Filion, Quebec, Canada;Sainte-Anne-des-Plaines, Quebec, Canada;Saint-Eustache, Quebec, Canada;Deux-Montagnes, Quebec, Canada",Monday 09:00-18:00;Tuesday 09:00-18:00;Wednesday 09:00-18:00;Thursday 09:00-18:00;Friday 09:00-18:00,Maximize clicks,2.50,Tables,Enabled,2.50,location tables,Exact,,,,,,,,,,,,,,,,,,,,,,
S1 Équipement chaises-tables,Search,18,Enabled,Google search,French;English,"Laval, Quebec, Canada;Terrebonne, Quebec, Canada;Blainville, Quebec, Canada;Sainte-Therese, Quebec, Canada;Boisbriand, Quebec, Canada;Mirabel, Quebec, Canada;Saint-Jerome, Quebec, Canada;Mascouche, Quebec, Canada;Repentigny, Quebec, Canada;Montreal, Quebec, Canada;Rosemere, Quebec, Canada;Lorraine, Quebec, Canada;Bois-des-Filion, Quebec, Canada;Sainte-Anne-des-Plaines, Quebec, Canada;Saint-Eustache, Quebec, Canada;Deux-Montagnes, Quebec, Canada",Monday 09:00-18:00;Tuesday 09:00-18:00;Wednesday 09:00-18:00;Thursday 09:00-18:00;Friday 09:00-18:00,Maximize clicks,2.50,Tables,Enabled,2.50,location table pliante,Phrase,,,,,,,,,,,,,,,,,,,,,,
S1 Équipement chaises-tables,Search,18,Enabled,Google search,French;English,"Laval, Quebec, Canada;Terrebonne, Quebec, Canada;Blainville, Quebec, Canada;Sainte-Therese, Quebec, Canada;Boisbriand, Quebec, Canada;Mirabel, Quebec, Canada;Saint-Jerome, Quebec, Canada;Mascouche, Quebec, Canada;Repentigny, Quebec, Canada;Montreal, Quebec, Canada;Rosemere, Quebec, Canada;Lorraine, Quebec, Canada;Bois-des-Filion, Quebec, Canada;Sainte-Anne-des-Plaines, Quebec, Canada;Saint-Eustache, Quebec, Canada;Deux-Montagnes, Quebec, Canada",Monday 09:00-18:00;Tuesday 09:00-18:00;Wednesday 09:00-18:00;Thursday 09:00-18:00;Friday 09:00-18:00,Maximize clicks,2.50,Tables,Enabled,2.50,location table pliante,Exact,,,,,,,,,,,,,,,,,,,,,,
S1 Équipement chaises-tables,Search,18,Enabled,Google search,French;English,"Laval, Quebec, Canada;Terrebonne, Quebec, Canada;Blainville, Quebec, Canada;Sainte-Therese, Quebec, Canada;Boisbriand, Quebec, Canada;Mirabel, Quebec, Canada;Saint-Jerome, Quebec, Canada;Mascouche, Quebec, Canada;Repentigny, Quebec, Canada;Montreal, Quebec, Canada;Rosemere, Quebec, Canada;Lorraine, Quebec, Canada;Bois-des-Filion, Quebec, Canada;Sainte-Anne-des-Plaines, Quebec, Canada;Saint-Eustache, Quebec, Canada;Deux-Montagnes, Quebec, Canada",Monday 09:00-18:00;Tuesday 09:00-18:00;Wednesday 09:00-18:00;Thursday 09:00-18:00;Friday 09:00-18:00,Maximize clicks,2.50,Tables,Enabled,2.50,location table et chaise,Phrase,,,,,,,,,,,,,,,,,,,,,,
S1 Équipement chaises-tables,Search,18,Enabled,Google search,French;English,"Laval, Quebec, Canada;Terrebonne, Quebec, Canada;Blainville, Quebec, Canada;Sainte-Therese, Quebec, Canada;Boisbriand, Quebec, Canada;Mirabel, Quebec, Canada;Saint-Jerome, Quebec, Canada;Mascouche, Quebec, Canada;Repentigny, Quebec, Canada;Montreal, Quebec, Canada;Rosemere, Quebec, Canada;Lorraine, Quebec, Canada;Bois-des-Filion, Quebec, Canada;Sainte-Anne-des-Plaines, Quebec, Canada;Saint-Eustache, Quebec, Canada;Deux-Montagnes, Quebec, Canada",Monday 09:00-18:00;Tuesday 09:00-18:00;Wednesday 09:00-18:00;Thursday 09:00-18:00;Friday 09:00-18:00,Maximize clicks,2.50,Tables,Enabled,2.50,location table et chaise,Exact,,,,,,,,,,,,,,,,,,,,,,
S1 Équipement chaises-tables,Search,18,Enabled,Google search,French;English,"Laval, Quebec, Canada;Terrebonne, Quebec, Canada;Blainville, Quebec, Canada;Sainte-Therese, Quebec, Canada;Boisbriand, Quebec, Canada;Mirabel, Quebec, Canada;Saint-Jerome, Quebec, Canada;Mascouche, Quebec, Canada;Repentigny, Quebec, Canada;Montreal, Quebec, Canada;Rosemere, Quebec, Canada;Lorraine, Quebec, Canada;Bois-des-Filion, Quebec, Canada;Sainte-Anne-des-Plaines, Quebec, Canada;Saint-Eustache, Quebec, Canada;Deux-Montagnes, Quebec, Canada",Monday 09:00-18:00;Tuesday 09:00-18:00;Wednesday 09:00-18:00;Thursday 09:00-18:00;Friday 09:00-18:00,Maximize clicks,2.50,Tables,Enabled,2.50,location tables et chaises laval,Phrase,,,,,,,,,,,,,,,,,,,,,,
S1 Équipement chaises-tables,Search,18,Enabled,Google search,French;English,"Laval, Quebec, Canada;Terrebonne, Quebec, Canada;Blainville, Quebec, Canada;Sainte-Therese, Quebec, Canada;Boisbriand, Quebec, Canada;Mirabel, Quebec, Canada;Saint-Jerome, Quebec, Canada;Mascouche, Quebec, Canada;Repentigny, Quebec, Canada;Montreal, Quebec, Canada;Rosemere, Quebec, Canada;Lorraine, Quebec, Canada;Bois-des-Filion, Quebec, Canada;Sainte-Anne-des-Plaines, Quebec, Canada;Saint-Eustache, Quebec, Canada;Deux-Montagnes, Quebec, Canada",Monday 09:00-18:00;Tuesday 09:00-18:00;Wednesday 09:00-18:00;Thursday 09:00-18:00;Friday 09:00-18:00,Maximize clicks,2.50,Tables,Enabled,2.50,location tables et chaises laval,Exact,,,,,,,,,,,,,,,,,,,,,,
S1 Équipement chaises-tables,Search,18,Enabled,Google search,French;English,"Laval, Quebec, Canada;Terrebonne, Quebec, Canada;Blainville, Quebec, Canada;Sainte-Therese, Quebec, Canada;Boisbriand, Quebec, Canada;Mirabel, Quebec, Canada;Saint-Jerome, Quebec, Canada;Mascouche, Quebec, Canada;Repentigny, Quebec, Canada;Montreal, Quebec, Canada;Rosemere, Quebec, Canada;Lorraine, Quebec, Canada;Bois-des-Filion, Quebec, Canada;Sainte-Anne-des-Plaines, Quebec, Canada;Saint-Eustache, Quebec, Canada;Deux-Montagnes, Quebec, Canada",Monday 09:00-18:00;Tuesday 09:00-18:00;Wednesday 09:00-18:00;Thursday 09:00-18:00;Friday 09:00-18:00,Maximize clicks,2.50,Tables,Enabled,2.50,location table ronde,Phrase,,,,,,,,,,,,,,,,,,,,,,
S1 Équipement chaises-tables,Search,18,Enabled,Google search,French;English,"Laval, Quebec, Canada;Terrebonne, Quebec, Canada;Blainville, Quebec, Canada;Sainte-Therese, Quebec, Canada;Boisbriand, Quebec, Canada;Mirabel, Quebec, Canada;Saint-Jerome, Quebec, Canada;Mascouche, Quebec, Canada;Repentigny, Quebec, Canada;Montreal, Quebec, Canada;Rosemere, Quebec, Canada;Lorraine, Quebec, Canada;Bois-des-Filion, Quebec, Canada;Sainte-Anne-des-Plaines, Quebec, Canada;Saint-Eustache, Quebec, Canada;Deux-Montagnes, Quebec, Canada",Monday 09:00-18:00;Tuesday 09:00-18:00;Wednesday 09:00-18:00;Thursday 09:00-18:00;Friday 09:00-18:00,Maximize clicks,2.50,Tables,Enabled,2.50,location table ronde,Exact,,,,,,,,,,,,,,,,,,,,,,
S1 Équipement chaises-tables,Search,18,Enabled,Google search,French;English,"Laval, Quebec, Canada;Terrebonne, Quebec, Canada;Blainville, Quebec, Canada;Sainte-Therese, Quebec, Canada;Boisbriand, Quebec, Canada;Mirabel, Quebec, Canada;Saint-Jerome, Quebec, Canada;Mascouche, Quebec, Canada;Repentigny, Quebec, Canada;Montreal, Quebec, Canada;Rosemere, Quebec, Canada;Lorraine, Quebec, Canada;Bois-des-Filion, Quebec, Canada;Sainte-Anne-des-Plaines, Quebec, Canada;Saint-Eustache, Quebec, Canada;Deux-Montagnes, Quebec, Canada",Monday 09:00-18:00;Tuesday 09:00-18:00;Wednesday 09:00-18:00;Thursday 09:00-18:00;Friday 09:00-18:00,Maximize clicks,2.50,Tables,Enabled,2.50,location tables rive-nord,Phrase,,,,,,,,,,,,,,,,,,,,,,
S1 Équipement chaises-tables,Search,18,Enabled,Google search,French;English,"Laval, Quebec, Canada;Terrebonne, Quebec, Canada;Blainville, Quebec, Canada;Sainte-Therese, Quebec, Canada;Boisbriand, Quebec, Canada;Mirabel, Quebec, Canada;Saint-Jerome, Quebec, Canada;Mascouche, Quebec, Canada;Repentigny, Quebec, Canada;Montreal, Quebec, Canada;Rosemere, Quebec, Canada;Lorraine, Quebec, Canada;Bois-des-Filion, Quebec, Canada;Sainte-Anne-des-Plaines, Quebec, Canada;Saint-Eustache, Quebec, Canada;Deux-Montagnes, Quebec, Canada",Monday 09:00-18:00;Tuesday 09:00-18:00;Wednesday 09:00-18:00;Thursday 09:00-18:00;Friday 09:00-18:00,Maximize clicks,2.50,Tables,Enabled,2.50,location tables rive-nord,Exact,,,,,,,,,,,,,,,,,,,,,,
S1 Équipement chaises-tables,Search,18,Enabled,Google search,French;English,"Laval, Quebec, Canada;Terrebonne, Quebec, Canada;Blainville, Quebec, Canada;Sainte-Therese, Quebec, Canada;Boisbriand, Quebec, Canada;Mirabel, Quebec, Canada;Saint-Jerome, Quebec, Canada;Mascouche, Quebec, Canada;Repentigny, Quebec, Canada;Montreal, Quebec, Canada;Rosemere, Quebec, Canada;Lorraine, Quebec, Canada;Bois-des-Filion, Quebec, Canada;Sainte-Anne-des-Plaines, Quebec, Canada;Saint-Eustache, Quebec, Canada;Deux-Montagnes, Quebec, Canada",Monday 09:00-18:00;Tuesday 09:00-18:00;Wednesday 09:00-18:00;Thursday 09:00-18:00;Friday 09:00-18:00,Maximize clicks,2.50,Tables,Enabled,2.50,location table pour party,Phrase,,,,,,,,,,,,,,,,,,,,,,
S1 Équipement chaises-tables,Search,18,Enabled,Google search,French;English,"Laval, Quebec, Canada;Terrebonne, Quebec, Canada;Blainville, Quebec, Canada;Sainte-Therese, Quebec, Canada;Boisbriand, Quebec, Canada;Mirabel, Quebec, Canada;Saint-Jerome, Quebec, Canada;Mascouche, Quebec, Canada;Repentigny, Quebec, Canada;Montreal, Quebec, Canada;Rosemere, Quebec, Canada;Lorraine, Quebec, Canada;Bois-des-Filion, Quebec, Canada;Sainte-Anne-des-Plaines, Quebec, Canada;Saint-Eustache, Quebec, Canada;Deux-Montagnes, Quebec, Canada",Monday 09:00-18:00;Tuesday 09:00-18:00;Wednesday 09:00-18:00;Thursday 09:00-18:00;Friday 09:00-18:00,Maximize clicks,2.50,Tables,Enabled,2.50,location table pour party,Exact,,,,,,,,,,,,,,,,,,,,,,
S1 Équipement chaises-tables,Search,18,Enabled,Google search,French;English,"Laval, Quebec, Canada;Terrebonne, Quebec, Canada;Blainville, Quebec, Canada;Sainte-Therese, Quebec, Canada;Boisbriand, Quebec, Canada;Mirabel, Quebec, Canada;Saint-Jerome, Quebec, Canada;Mascouche, Quebec, Canada;Repentigny, Quebec, Canada;Montreal, Quebec, Canada;Rosemere, Quebec, Canada;Lorraine, Quebec, Canada;Bois-des-Filion, Quebec, Canada;Sainte-Anne-des-Plaines, Quebec, Canada;Saint-Eustache, Quebec, Canada;Deux-Montagnes, Quebec, Canada",Monday 09:00-18:00;Tuesday 09:00-18:00;Wednesday 09:00-18:00;Thursday 09:00-18:00;Friday 09:00-18:00,Maximize clicks,2.50,Tables,Enabled,,,,https://evenox.ca/location-tables-rive-nord/,tables,location,Location de tables et chaises,Tables pliantes et rondes,Cueillette à Ste-Thérèse,Réservation en ligne 24/7,Devis en 10 minutes,Livraison Laval–Montréal,Nappes disponibles,Tables pour Noël et congrès,,,,,,,,"Tables et chaises pour party de famille, bureau ou congrès. Réservez en ligne 24/7.","Location clé en main Rive-Nord, Laval, Montréal. Devis en 10 minutes aux heures ouvrables.",,
S2 Jeux,Search,14,Enabled,Google search,French;English,"Laval, Quebec, Canada;Terrebonne, Quebec, Canada;Blainville, Quebec, Canada;Sainte-Therese, Quebec, Canada;Boisbriand, Quebec, Canada;Mirabel, Quebec, Canada;Saint-Jerome, Quebec, Canada;Mascouche, Quebec, Canada;Repentigny, Quebec, Canada;Montreal, Quebec, Canada;Rosemere, Quebec, Canada;Lorraine, Quebec, Canada;Bois-des-Filion, Quebec, Canada;Sainte-Anne-des-Plaines, Quebec, Canada;Saint-Eustache, Quebec, Canada;Deux-Montagnes, Quebec, Canada",Monday 09:00-18:00;Tuesday 09:00-18:00;Wednesday 09:00-18:00;Thursday 09:00-18:00;Friday 09:00-18:00,Maximize clicks,2.50,Jeux gonflables,Enabled,2.50,location jeux gonflables,Phrase,,,,,,,,,,,,,,,,,,,,,,
S2 Jeux,Search,14,Enabled,Google search,French;English,"Laval, Quebec, Canada;Terrebonne, Quebec, Canada;Blainville, Quebec, Canada;Sainte-Therese, Quebec, Canada;Boisbriand, Quebec, Canada;Mirabel, Quebec, Canada;Saint-Jerome, Quebec, Canada;Mascouche, Quebec, Canada;Repentigny, Quebec, Canada;Montreal, Quebec, Canada;Rosemere, Quebec, Canada;Lorraine, Quebec, Canada;Bois-des-Filion, Quebec, Canada;Sainte-Anne-des-Plaines, Quebec, Canada;Saint-Eustache, Quebec, Canada;Deux-Montagnes, Quebec, Canada",Monday 09:00-18:00;Tuesday 09:00-18:00;Wednesday 09:00-18:00;Thursday 09:00-18:00;Friday 09:00-18:00,Maximize clicks,2.50,Jeux gonflables,Enabled,2.50,location jeux gonflables,Exact,,,,,,,,,,,,,,,,,,,,,,
S2 Jeux,Search,14,Enabled,Google search,French;English,"Laval, Quebec, Canada;Terrebonne, Quebec, Canada;Blainville, Quebec, Canada;Sainte-Therese, Quebec, Canada;Boisbriand, Quebec, Canada;Mirabel, Quebec, Canada;Saint-Jerome, Quebec, Canada;Mascouche, Quebec, Canada;Repentigny, Quebec, Canada;Montreal, Quebec, Canada;Rosemere, Quebec, Canada;Lorraine, Quebec, Canada;Bois-des-Filion, Quebec, Canada;Sainte-Anne-des-Plaines, Quebec, Canada;Saint-Eustache, Quebec, Canada;Deux-Montagnes, Quebec, Canada",Monday 09:00-18:00;Tuesday 09:00-18:00;Wednesday 09:00-18:00;Thursday 09:00-18:00;Friday 09:00-18:00,Maximize clicks,2.50,Jeux gonflables,Enabled,2.50,location jeu gonflable,Phrase,,,,,,,,,,,,,,,,,,,,,,
S2 Jeux,Search,14,Enabled,Google search,French;English,"Laval, Quebec, Canada;Terrebonne, Quebec, Canada;Blainville, Quebec, Canada;Sainte-Therese, Quebec, Canada;Boisbriand, Quebec, Canada;Mirabel, Quebec, Canada;Saint-Jerome, Quebec, Canada;Mascouche, Quebec, Canada;Repentigny, Quebec, Canada;Montreal, Quebec, Canada;Rosemere, Quebec, Canada;Lorraine, Quebec, Canada;Bois-des-Filion, Quebec, Canada;Sainte-Anne-des-Plaines, Quebec, Canada;Saint-Eustache, Quebec, Canada;Deux-Montagnes, Quebec, Canada",Monday 09:00-18:00;Tuesday 09:00-18:00;Wednesday 09:00-18:00;Thursday 09:00-18:00;Friday 09:00-18:00,Maximize clicks,2.50,Jeux gonflables,Enabled,2.50,location jeu gonflable,Exact,,,,,,,,,,,,,,,,,,,,,,
S2 Jeux,Search,14,Enabled,Google search,French;English,"Laval, Quebec, Canada;Terrebonne, Quebec, Canada;Blainville, Quebec, Canada;Sainte-Therese, Quebec, Canada;Boisbriand, Quebec, Canada;Mirabel, Quebec, Canada;Saint-Jerome, Quebec, Canada;Mascouche, Quebec, Canada;Repentigny, Quebec, Canada;Montreal, Quebec, Canada;Rosemere, Quebec, Canada;Lorraine, Quebec, Canada;Bois-des-Filion, Quebec, Canada;Sainte-Anne-des-Plaines, Quebec, Canada;Saint-Eustache, Quebec, Canada;Deux-Montagnes, Quebec, Canada",Monday 09:00-18:00;Tuesday 09:00-18:00;Wednesday 09:00-18:00;Thursday 09:00-18:00;Friday 09:00-18:00,Maximize clicks,2.50,Jeux gonflables,Enabled,2.50,location jeu gonflable laval,Phrase,,,,,,,,,,,,,,,,,,,,,,
S2 Jeux,Search,14,Enabled,Google search,French;English,"Laval, Quebec, Canada;Terrebonne, Quebec, Canada;Blainville, Quebec, Canada;Sainte-Therese, Quebec, Canada;Boisbriand, Quebec, Canada;Mirabel, Quebec, Canada;Saint-Jerome, Quebec, Canada;Mascouche, Quebec, Canada;Repentigny, Quebec, Canada;Montreal, Quebec, Canada;Rosemere, Quebec, Canada;Lorraine, Quebec, Canada;Bois-des-Filion, Quebec, Canada;Sainte-Anne-des-Plaines, Quebec, Canada;Saint-Eustache, Quebec, Canada;Deux-Montagnes, Quebec, Canada",Monday 09:00-18:00;Tuesday 09:00-18:00;Wednesday 09:00-18:00;Thursday 09:00-18:00;Friday 09:00-18:00,Maximize clicks,2.50,Jeux gonflables,Enabled,2.50,location jeu gonflable laval,Exact,,,,,,,,,,,,,,,,,,,,,,
S2 Jeux,Search,14,Enabled,Google search,French;English,"Laval, Quebec, Canada;Terrebonne, Quebec, Canada;Blainville, Quebec, Canada;Sainte-Therese, Quebec, Canada;Boisbriand, Quebec, Canada;Mirabel, Quebec, Canada;Saint-Jerome, Quebec, Canada;Mascouche, Quebec, Canada;Repentigny, Quebec, Canada;Montreal, Quebec, Canada;Rosemere, Quebec, Canada;Lorraine, Quebec, Canada;Bois-des-Filion, Quebec, Canada;Sainte-Anne-des-Plaines, Quebec, Canada;Saint-Eustache, Quebec, Canada;Deux-Montagnes, Quebec, Canada",Monday 09:00-18:00;Tuesday 09:00-18:00;Wednesday 09:00-18:00;Thursday 09:00-18:00;Friday 09:00-18:00,Maximize clicks,2.50,Jeux gonflables,Enabled,2.50,location jeux gonflables rive-nord,Phrase,,,,,,,,,,,,,,,,,,,,,,
S2 Jeux,Search,14,Enabled,Google search,French;English,"Laval, Quebec, Canada;Terrebonne, Quebec, Canada;Blainville, Quebec, Canada;Sainte-Therese, Quebec, Canada;Boisbriand, Quebec, Canada;Mirabel, Quebec, Canada;Saint-Jerome, Quebec, Canada;Mascouche, Quebec, Canada;Repentigny, Quebec, Canada;Montreal, Quebec, Canada;Rosemere, Quebec, Canada;Lorraine, Quebec, Canada;Bois-des-Filion, Quebec, Canada;Sainte-Anne-des-Plaines, Quebec, Canada;Saint-Eustache, Quebec, Canada;Deux-Montagnes, Quebec, Canada",Monday 09:00-18:00;Tuesday 09:00-18:00;Wednesday 09:00-18:00;Thursday 09:00-18:00;Friday 09:00-18:00,Maximize clicks,2.50,Jeux gonflables,Enabled,2.50,location jeux gonflables rive-nord,Exact,,,,,,,,,,,,,,,,,,,,,,
S2 Jeux,Search,14,Enabled,Google search,French;English,"Laval, Quebec, Canada;Terrebonne, Quebec, Canada;Blainville, Quebec, Canada;Sainte-Therese, Quebec, Canada;Boisbriand, Quebec, Canada;Mirabel, Quebec, Canada;Saint-Jerome, Quebec, Canada;Mascouche, Quebec, Canada;Repentigny, Quebec, Canada;Montreal, Quebec, Canada;Rosemere, Quebec, Canada;Lorraine, Quebec, Canada;Bois-des-Filion, Quebec, Canada;Sainte-Anne-des-Plaines, Quebec, Canada;Saint-Eustache, Quebec, Canada;Deux-Montagnes, Quebec, Canada",Monday 09:00-18:00;Tuesday 09:00-18:00;Wednesday 09:00-18:00;Thursday 09:00-18:00;Friday 09:00-18:00,Maximize clicks,2.50,Jeux gonflables,Enabled,2.50,location château gonflable,Phrase,,,,,,,,,,,,,,,,,,,,,,
S2 Jeux,Search,14,Enabled,Google search,French;English,"Laval, Quebec, Canada;Terrebonne, Quebec, Canada;Blainville, Quebec, Canada;Sainte-Therese, Quebec, Canada;Boisbriand, Quebec, Canada;Mirabel, Quebec, Canada;Saint-Jerome, Quebec, Canada;Mascouche, Quebec, Canada;Repentigny, Quebec, Canada;Montreal, Quebec, Canada;Rosemere, Quebec, Canada;Lorraine, Quebec, Canada;Bois-des-Filion, Quebec, Canada;Sainte-Anne-des-Plaines, Quebec, Canada;Saint-Eustache, Quebec, Canada;Deux-Montagnes, Quebec, Canada",Monday 09:00-18:00;Tuesday 09:00-18:00;Wednesday 09:00-18:00;Thursday 09:00-18:00;Friday 09:00-18:00,Maximize clicks,2.50,Jeux gonflables,Enabled,2.50,location château gonflable,Exact,,,,,,,,,,,,,,,,,,,,,,
S2 Jeux,Search,14,Enabled,Google search,French;English,"Laval, Quebec, Canada;Terrebonne, Quebec, Canada;Blainville, Quebec, Canada;Sainte-Therese, Quebec, Canada;Boisbriand, Quebec, Canada;Mirabel, Quebec, Canada;Saint-Jerome, Quebec, Canada;Mascouche, Quebec, Canada;Repentigny, Quebec, Canada;Montreal, Quebec, Canada;Rosemere, Quebec, Canada;Lorraine, Quebec, Canada;Bois-des-Filion, Quebec, Canada;Sainte-Anne-des-Plaines, Quebec, Canada;Saint-Eustache, Quebec, Canada;Deux-Montagnes, Quebec, Canada",Monday 09:00-18:00;Tuesday 09:00-18:00;Wednesday 09:00-18:00;Thursday 09:00-18:00;Friday 09:00-18:00,Maximize clicks,2.50,Jeux gonflables,Enabled,2.50,location jeu gonflable anniversaire,Phrase,,,,,,,,,,,,,,,,,,,,,,
S2 Jeux,Search,14,Enabled,Google search,French;English,"Laval, Quebec, Canada;Terrebonne, Quebec, Canada;Blainville, Quebec, Canada;Sainte-Therese, Quebec, Canada;Boisbriand, Quebec, Canada;Mirabel, Quebec, Canada;Saint-Jerome, Quebec, Canada;Mascouche, Quebec, Canada;Repentigny, Quebec, Canada;Montreal, Quebec, Canada;Rosemere, Quebec, Canada;Lorraine, Quebec, Canada;Bois-des-Filion, Quebec, Canada;Sainte-Anne-des-Plaines, Quebec, Canada;Saint-Eustache, Quebec, Canada;Deux-Montagnes, Quebec, Canada",Monday 09:00-18:00;Tuesday 09:00-18:00;Wednesday 09:00-18:00;Thursday 09:00-18:00;Friday 09:00-18:00,Maximize clicks,2.50,Jeux gonflables,Enabled,2.50,location jeu gonflable anniversaire,Exact,,,,,,,,,,,,,,,,,,,,,,
S2 Jeux,Search,14,Enabled,Google search,French;English,"Laval, Quebec, Canada;Terrebonne, Quebec, Canada;Blainville, Quebec, Canada;Sainte-Therese, Quebec, Canada;Boisbriand, Quebec, Canada;Mirabel, Quebec, Canada;Saint-Jerome, Quebec, Canada;Mascouche, Quebec, Canada;Repentigny, Quebec, Canada;Montreal, Quebec, Canada;Rosemere, Quebec, Canada;Lorraine, Quebec, Canada;Bois-des-Filion, Quebec, Canada;Sainte-Anne-des-Plaines, Quebec, Canada;Saint-Eustache, Quebec, Canada;Deux-Montagnes, Quebec, Canada",Monday 09:00-18:00;Tuesday 09:00-18:00;Wednesday 09:00-18:00;Thursday 09:00-18:00;Friday 09:00-18:00,Maximize clicks,2.50,Jeux gonflables,Enabled,2.50,location structure gonflable,Phrase,,,,,,,,,,,,,,,,,,,,,,
S2 Jeux,Search,14,Enabled,Google search,French;English,"Laval, Quebec, Canada;Terrebonne, Quebec, Canada;Blainville, Quebec, Canada;Sainte-Therese, Quebec, Canada;Boisbriand, Quebec, Canada;Mirabel, Quebec, Canada;Saint-Jerome, Quebec, Canada;Mascouche, Quebec, Canada;Repentigny, Quebec, Canada;Montreal, Quebec, Canada;Rosemere, Quebec, Canada;Lorraine, Quebec, Canada;Bois-des-Filion, Quebec, Canada;Sainte-Anne-des-Plaines, Quebec, Canada;Saint-Eustache, Quebec, Canada;Deux-Montagnes, Quebec, Canada",Monday 09:00-18:00;Tuesday 09:00-18:00;Wednesday 09:00-18:00;Thursday 09:00-18:00;Friday 09:00-18:00,Maximize clicks,2.50,Jeux gonflables,Enabled,2.50,location structure gonflable,Exact,,,,,,,,,,,,,,,,,,,,,,
S2 Jeux,Search,14,Enabled,Google search,French;English,"Laval, Quebec, Canada;Terrebonne, Quebec, Canada;Blainville, Quebec, Canada;Sainte-Therese, Quebec, Canada;Boisbriand, Quebec, Canada;Mirabel, Quebec, Canada;Saint-Jerome, Quebec, Canada;Mascouche, Quebec, Canada;Repentigny, Quebec, Canada;Montreal, Quebec, Canada;Rosemere, Quebec, Canada;Lorraine, Quebec, Canada;Bois-des-Filion, Quebec, Canada;Sainte-Anne-des-Plaines, Quebec, Canada;Saint-Eustache, Quebec, Canada;Deux-Montagnes, Quebec, Canada",Monday 09:00-18:00;Tuesday 09:00-18:00;Wednesday 09:00-18:00;Thursday 09:00-18:00;Friday 09:00-18:00,Maximize clicks,2.50,Jeux gonflables,Enabled,,,,https://evenox.ca/location-jeux-gonflable/,jeux,gonflables,Location de jeux gonflables,Jeux gonflables Rive-Nord,Livraison et installation,Réservation en ligne 24/7,Devis en 10 minutes,Anniversaires et fêtes,Dispo pour votre date,Basé à Ste-Thérèse,,,,,,,,"Jeux gonflables livrés et installés. Réservez en ligne, dispo confirmée en 10 min.","Location clé en main pour anniversaires, fêtes de quartier et party de bureau.",,
S2 Jeux,Search,14,Enabled,Google search,French;English,"Laval, Quebec, Canada;Terrebonne, Quebec, Canada;Blainville, Quebec, Canada;Sainte-Therese, Quebec, Canada;Boisbriand, Quebec, Canada;Mirabel, Quebec, Canada;Saint-Jerome, Quebec, Canada;Mascouche, Quebec, Canada;Repentigny, Quebec, Canada;Montreal, Quebec, Canada;Rosemere, Quebec, Canada;Lorraine, Quebec, Canada;Bois-des-Filion, Quebec, Canada;Sainte-Anne-des-Plaines, Quebec, Canada;Saint-Eustache, Quebec, Canada;Deux-Montagnes, Quebec, Canada",Monday 09:00-18:00;Tuesday 09:00-18:00;Wednesday 09:00-18:00;Thursday 09:00-18:00;Friday 09:00-18:00,Maximize clicks,2.50,Jeux géants et intérieur,Enabled,2.50,location jeux géants,Phrase,,,,,,,,,,,,,,,,,,,,,,
S2 Jeux,Search,14,Enabled,Google search,French;English,"Laval, Quebec, Canada;Terrebonne, Quebec, Canada;Blainville, Quebec, Canada;Sainte-Therese, Quebec, Canada;Boisbriand, Quebec, Canada;Mirabel, Quebec, Canada;Saint-Jerome, Quebec, Canada;Mascouche, Quebec, Canada;Repentigny, Quebec, Canada;Montreal, Quebec, Canada;Rosemere, Quebec, Canada;Lorraine, Quebec, Canada;Bois-des-Filion, Quebec, Canada;Sainte-Anne-des-Plaines, Quebec, Canada;Saint-Eustache, Quebec, Canada;Deux-Montagnes, Quebec, Canada",Monday 09:00-18:00;Tuesday 09:00-18:00;Wednesday 09:00-18:00;Thursday 09:00-18:00;Friday 09:00-18:00,Maximize clicks,2.50,Jeux géants et intérieur,Enabled,2.50,location jeux géants,Exact,,,,,,,,,,,,,,,,,,,,,,
S2 Jeux,Search,14,Enabled,Google search,French;English,"Laval, Quebec, Canada;Terrebonne, Quebec, Canada;Blainville, Quebec, Canada;Sainte-Therese, Quebec, Canada;Boisbriand, Quebec, Canada;Mirabel, Quebec, Canada;Saint-Jerome, Quebec, Canada;Mascouche, Quebec, Canada;Repentigny, Quebec, Canada;Montreal, Quebec, Canada;Rosemere, Quebec, Canada;Lorraine, Quebec, Canada;Bois-des-Filion, Quebec, Canada;Sainte-Anne-des-Plaines, Quebec, Canada;Saint-Eustache, Quebec, Canada;Deux-Montagnes, Quebec, Canada",Monday 09:00-18:00;Tuesday 09:00-18:00;Wednesday 09:00-18:00;Thursday 09:00-18:00;Friday 09:00-18:00,Maximize clicks,2.50,Jeux géants et intérieur,Enabled,2.50,location jeux pour party,Phrase,,,,,,,,,,,,,,,,,,,,,,
S2 Jeux,Search,14,Enabled,Google search,French;English,"Laval, Quebec, Canada;Terrebonne, Quebec, Canada;Blainville, Quebec, Canada;Sainte-Therese, Quebec, Canada;Boisbriand, Quebec, Canada;Mirabel, Quebec, Canada;Saint-Jerome, Quebec, Canada;Mascouche, Quebec, Canada;Repentigny, Quebec, Canada;Montreal, Quebec, Canada;Rosemere, Quebec, Canada;Lorraine, Quebec, Canada;Bois-des-Filion, Quebec, Canada;Sainte-Anne-des-Plaines, Quebec, Canada;Saint-Eustache, Quebec, Canada;Deux-Montagnes, Quebec, Canada",Monday 09:00-18:00;Tuesday 09:00-18:00;Wednesday 09:00-18:00;Thursday 09:00-18:00;Friday 09:00-18:00,Maximize clicks,2.50,Jeux géants et intérieur,Enabled,2.50,location jeux pour party,Exact,,,,,,,,,,,,,,,,,,,,,,
S2 Jeux,Search,14,Enabled,Google search,French;English,"Laval, Quebec, Canada;Terrebonne, Quebec, Canada;Blainville, Quebec, Canada;Sainte-Therese, Quebec, Canada;Boisbriand, Quebec, Canada;Mirabel, Quebec, Canada;Saint-Jerome, Quebec, Canada;Mascouche, Quebec, Canada;Repentigny, Quebec, Canada;Montreal, Quebec, Canada;Rosemere, Quebec, Canada;Lorraine, Quebec, Canada;Bois-des-Filion, Quebec, Canada;Sainte-Anne-des-Plaines, Quebec, Canada;Saint-Eustache, Quebec, Canada;Deux-Montagnes, Quebec, Canada",Monday 09:00-18:00;Tuesday 09:00-18:00;Wednesday 09:00-18:00;Thursday 09:00-18:00;Friday 09:00-18:00,Maximize clicks,2.50,Jeux géants et intérieur,Enabled,2.50,location jeux party de bureau,Phrase,,,,,,,,,,,,,,,,,,,,,,
S2 Jeux,Search,14,Enabled,Google search,French;English,"Laval, Quebec, Canada;Terrebonne, Quebec, Canada;Blainville, Quebec, Canada;Sainte-Therese, Quebec, Canada;Boisbriand, Quebec, Canada;Mirabel, Quebec, Canada;Saint-Jerome, Quebec, Canada;Mascouche, Quebec, Canada;Repentigny, Quebec, Canada;Montreal, Quebec, Canada;Rosemere, Quebec, Canada;Lorraine, Quebec, Canada;Bois-des-Filion, Quebec, Canada;Sainte-Anne-des-Plaines, Quebec, Canada;Saint-Eustache, Quebec, Canada;Deux-Montagnes, Quebec, Canada",Monday 09:00-18:00;Tuesday 09:00-18:00;Wednesday 09:00-18:00;Thursday 09:00-18:00;Friday 09:00-18:00,Maximize clicks,2.50,Jeux géants et intérieur,Enabled,2.50,location jeux party de bureau,Exact,,,,,,,,,,,,,,,,,,,,,,
S2 Jeux,Search,14,Enabled,Google search,French;English,"Laval, Quebec, Canada;Terrebonne, Quebec, Canada;Blainville, Quebec, Canada;Sainte-Therese, Quebec, Canada;Boisbriand, Quebec, Canada;Mirabel, Quebec, Canada;Saint-Jerome, Quebec, Canada;Mascouche, Quebec, Canada;Repentigny, Quebec, Canada;Montreal, Quebec, Canada;Rosemere, Quebec, Canada;Lorraine, Quebec, Canada;Bois-des-Filion, Quebec, Canada;Sainte-Anne-des-Plaines, Quebec, Canada;Saint-Eustache, Quebec, Canada;Deux-Montagnes, Quebec, Canada",Monday 09:00-18:00;Tuesday 09:00-18:00;Wednesday 09:00-18:00;Thursday 09:00-18:00;Friday 09:00-18:00,Maximize clicks,2.50,Jeux géants et intérieur,Enabled,2.50,location jeux intérieur,Phrase,,,,,,,,,,,,,,,,,,,,,,
S2 Jeux,Search,14,Enabled,Google search,French;English,"Laval, Quebec, Canada;Terrebonne, Quebec, Canada;Blainville, Quebec, Canada;Sainte-Therese, Quebec, Canada;Boisbriand, Quebec, Canada;Mirabel, Quebec, Canada;Saint-Jerome, Quebec, Canada;Mascouche, Quebec, Canada;Repentigny, Quebec, Canada;Montreal, Quebec, Canada;Rosemere, Quebec, Canada;Lorraine, Quebec, Canada;Bois-des-Filion, Quebec, Canada;Sainte-Anne-des-Plaines, Quebec, Canada;Saint-Eustache, Quebec, Canada;Deux-Montagnes, Quebec, Canada",Monday 09:00-18:00;Tuesday 09:00-18:00;Wednesday 09:00-18:00;Thursday 09:00-18:00;Friday 09:00-18:00,Maximize clicks,2.50,Jeux géants et intérieur,Enabled,2.50,location jeux intérieur,Exact,,,,,,,,,,,,,,,,,,,,,,
S2 Jeux,Search,14,Enabled,Google search,French;English,"Laval, Quebec, Canada;Terrebonne, Quebec, Canada;Blainville, Quebec, Canada;Sainte-Therese, Quebec, Canada;Boisbriand, Quebec, Canada;Mirabel, Quebec, Canada;Saint-Jerome, Quebec, Canada;Mascouche, Quebec, Canada;Repentigny, Quebec, Canada;Montreal, Quebec, Canada;Rosemere, Quebec, Canada;Lorraine, Quebec, Canada;Bois-des-Filion, Quebec, Canada;Sainte-Anne-des-Plaines, Quebec, Canada;Saint-Eustache, Quebec, Canada;Deux-Montagnes, Quebec, Canada",Monday 09:00-18:00;Tuesday 09:00-18:00;Wednesday 09:00-18:00;Thursday 09:00-18:00;Friday 09:00-18:00,Maximize clicks,2.50,Jeux géants et intérieur,Enabled,2.50,location jeu d'arcade,Phrase,,,,,,,,,,,,,,,,,,,,,,
S2 Jeux,Search,14,Enabled,Google search,French;English,"Laval, Quebec, Canada;Terrebonne, Quebec, Canada;Blainville, Quebec, Canada;Sainte-Therese, Quebec, Canada;Boisbriand, Quebec, Canada;Mirabel, Quebec, Canada;Saint-Jerome, Quebec, Canada;Mascouche, Quebec, Canada;Repentigny, Quebec, Canada;Montreal, Quebec, Canada;Rosemere, Quebec, Canada;Lorraine, Quebec, Canada;Bois-des-Filion, Quebec, Canada;Sainte-Anne-des-Plaines, Quebec, Canada;Saint-Eustache, Quebec, Canada;Deux-Montagnes, Quebec, Canada",Monday 09:00-18:00;Tuesday 09:00-18:00;Wednesday 09:00-18:00;Thursday 09:00-18:00;Friday 09:00-18:00,Maximize clicks,2.50,Jeux géants et intérieur,Enabled,2.50,location jeu d'arcade,Exact,,,,,,,,,,,,,,,,,,,,,,
S2 Jeux,Search,14,Enabled,Google search,French;English,"Laval, Quebec, Canada;Terrebonne, Quebec, Canada;Blainville, Quebec, Canada;Sainte-Therese, Quebec, Canada;Boisbriand, Quebec, Canada;Mirabel, Quebec, Canada;Saint-Jerome, Quebec, Canada;Mascouche, Quebec, Canada;Repentigny, Quebec, Canada;Montreal, Quebec, Canada;Rosemere, Quebec, Canada;Lorraine, Quebec, Canada;Bois-des-Filion, Quebec, Canada;Sainte-Anne-des-Plaines, Quebec, Canada;Saint-Eustache, Quebec, Canada;Deux-Montagnes, Quebec, Canada",Monday 09:00-18:00;Tuesday 09:00-18:00;Wednesday 09:00-18:00;Thursday 09:00-18:00;Friday 09:00-18:00,Maximize clicks,2.50,Jeux géants et intérieur,Enabled,2.50,location jeux arcade,Phrase,,,,,,,,,,,,,,,,,,,,,,
S2 Jeux,Search,14,Enabled,Google search,French;English,"Laval, Quebec, Canada;Terrebonne, Quebec, Canada;Blainville, Quebec, Canada;Sainte-Therese, Quebec, Canada;Boisbriand, Quebec, Canada;Mirabel, Quebec, Canada;Saint-Jerome, Quebec, Canada;Mascouche, Quebec, Canada;Repentigny, Quebec, Canada;Montreal, Quebec, Canada;Rosemere, Quebec, Canada;Lorraine, Quebec, Canada;Bois-des-Filion, Quebec, Canada;Sainte-Anne-des-Plaines, Quebec, Canada;Saint-Eustache, Quebec, Canada;Deux-Montagnes, Quebec, Canada",Monday 09:00-18:00;Tuesday 09:00-18:00;Wednesday 09:00-18:00;Thursday 09:00-18:00;Friday 09:00-18:00,Maximize clicks,2.50,Jeux géants et intérieur,Enabled,2.50,location jeux arcade,Exact,,,,,,,,,,,,,,,,,,,,,,
S2 Jeux,Search,14,Enabled,Google search,French;English,"Laval, Quebec, Canada;Terrebonne, Quebec, Canada;Blainville, Quebec, Canada;Sainte-Therese, Quebec, Canada;Boisbriand, Quebec, Canada;Mirabel, Quebec, Canada;Saint-Jerome, Quebec, Canada;Mascouche, Quebec, Canada;Repentigny, Quebec, Canada;Montreal, Quebec, Canada;Rosemere, Quebec, Canada;Lorraine, Quebec, Canada;Bois-des-Filion, Quebec, Canada;Sainte-Anne-des-Plaines, Quebec, Canada;Saint-Eustache, Quebec, Canada;Deux-Montagnes, Quebec, Canada",Monday 09:00-18:00;Tuesday 09:00-18:00;Wednesday 09:00-18:00;Thursday 09:00-18:00;Friday 09:00-18:00,Maximize clicks,2.50,Jeux géants et intérieur,Enabled,2.50,location jeux pour événement,Phrase,,,,,,,,,,,,,,,,,,,,,,
S2 Jeux,Search,14,Enabled,Google search,French;English,"Laval, Quebec, Canada;Terrebonne, Quebec, Canada;Blainville, Quebec, Canada;Sainte-Therese, Quebec, Canada;Boisbriand, Quebec, Canada;Mirabel, Quebec, Canada;Saint-Jerome, Quebec, Canada;Mascouche, Quebec, Canada;Repentigny, Quebec, Canada;Montreal, Quebec, Canada;Rosemere, Quebec, Canada;Lorraine, Quebec, Canada;Bois-des-Filion, Quebec, Canada;Sainte-Anne-des-Plaines, Quebec, Canada;Saint-Eustache, Quebec, Canada;Deux-Montagnes, Quebec, Canada",Monday 09:00-18:00;Tuesday 09:00-18:00;Wednesday 09:00-18:00;Thursday 09:00-18:00;Friday 09:00-18:00,Maximize clicks,2.50,Jeux géants et intérieur,Enabled,2.50,location jeux pour événement,Exact,,,,,,,,,,,,,,,,,,,,,,
S2 Jeux,Search,14,Enabled,Google search,French;English,"Laval, Quebec, Canada;Terrebonne, Quebec, Canada;Blainville, Quebec, Canada;Sainte-Therese, Quebec, Canada;Boisbriand, Quebec, Canada;Mirabel, Quebec, Canada;Saint-Jerome, Quebec, Canada;Mascouche, Quebec, Canada;Repentigny, Quebec, Canada;Montreal, Quebec, Canada;Rosemere, Quebec, Canada;Lorraine, Quebec, Canada;Bois-des-Filion, Quebec, Canada;Sainte-Anne-des-Plaines, Quebec, Canada;Saint-Eustache, Quebec, Canada;Deux-Montagnes, Quebec, Canada",Monday 09:00-18:00;Tuesday 09:00-18:00;Wednesday 09:00-18:00;Thursday 09:00-18:00;Friday 09:00-18:00,Maximize clicks,2.50,Jeux géants et intérieur,Enabled,2.50,location jeux corporatif,Phrase,,,,,,,,,,,,,,,,,,,,,,
S2 Jeux,Search,14,Enabled,Google search,French;English,"Laval, Quebec, Canada;Terrebonne, Quebec, Canada;Blainville, Quebec, Canada;Sainte-Therese, Quebec, Canada;Boisbriand, Quebec, Canada;Mirabel, Quebec, Canada;Saint-Jerome, Quebec, Canada;Mascouche, Quebec, Canada;Repentigny, Quebec, Canada;Montreal, Quebec, Canada;Rosemere, Quebec, Canada;Lorraine, Quebec, Canada;Bois-des-Filion, Quebec, Canada;Sainte-Anne-des-Plaines, Quebec, Canada;Saint-Eustache, Quebec, Canada;Deux-Montagnes, Quebec, Canada",Monday 09:00-18:00;Tuesday 09:00-18:00;Wednesday 09:00-18:00;Thursday 09:00-18:00;Friday 09:00-18:00,Maximize clicks,2.50,Jeux géants et intérieur,Enabled,2.50,location jeux corporatif,Exact,,,,,,,,,,,,,,,,,,,,,,
S2 Jeux,Search,14,Enabled,Google search,French;English,"Laval, Quebec, Canada;Terrebonne, Quebec, Canada;Blainville, Quebec, Canada;Sainte-Therese, Quebec, Canada;Boisbriand, Quebec, Canada;Mirabel, Quebec, Canada;Saint-Jerome, Quebec, Canada;Mascouche, Quebec, Canada;Repentigny, Quebec, Canada;Montreal, Quebec, Canada;Rosemere, Quebec, Canada;Lorraine, Quebec, Canada;Bois-des-Filion, Quebec, Canada;Sainte-Anne-des-Plaines, Quebec, Canada;Saint-Eustache, Quebec, Canada;Deux-Montagnes, Quebec, Canada",Monday 09:00-18:00;Tuesday 09:00-18:00;Wednesday 09:00-18:00;Thursday 09:00-18:00;Friday 09:00-18:00,Maximize clicks,2.50,Jeux géants et intérieur,Enabled,2.50,location jeux de kermesse,Phrase,,,,,,,,,,,,,,,,,,,,,,
S2 Jeux,Search,14,Enabled,Google search,French;English,"Laval, Quebec, Canada;Terrebonne, Quebec, Canada;Blainville, Quebec, Canada;Sainte-Therese, Quebec, Canada;Boisbriand, Quebec, Canada;Mirabel, Quebec, Canada;Saint-Jerome, Quebec, Canada;Mascouche, Quebec, Canada;Repentigny, Quebec, Canada;Montreal, Quebec, Canada;Rosemere, Quebec, Canada;Lorraine, Quebec, Canada;Bois-des-Filion, Quebec, Canada;Sainte-Anne-des-Plaines, Quebec, Canada;Saint-Eustache, Quebec, Canada;Deux-Montagnes, Quebec, Canada",Monday 09:00-18:00;Tuesday 09:00-18:00;Wednesday 09:00-18:00;Thursday 09:00-18:00;Friday 09:00-18:00,Maximize clicks,2.50,Jeux géants et intérieur,Enabled,2.50,location jeux de kermesse,Exact,,,,,,,,,,,,,,,,,,,,,,
S2 Jeux,Search,14,Enabled,Google search,French;English,"Laval, Quebec, Canada;Terrebonne, Quebec, Canada;Blainville, Quebec, Canada;Sainte-Therese, Quebec, Canada;Boisbriand, Quebec, Canada;Mirabel, Quebec, Canada;Saint-Jerome, Quebec, Canada;Mascouche, Quebec, Canada;Repentigny, Quebec, Canada;Montreal, Quebec, Canada;Rosemere, Quebec, Canada;Lorraine, Quebec, Canada;Bois-des-Filion, Quebec, Canada;Sainte-Anne-des-Plaines, Quebec, Canada;Saint-Eustache, Quebec, Canada;Deux-Montagnes, Quebec, Canada",Monday 09:00-18:00;Tuesday 09:00-18:00;Wednesday 09:00-18:00;Thursday 09:00-18:00;Friday 09:00-18:00,Maximize clicks,2.50,Jeux géants et intérieur,Enabled,,,,https://evenox.ca/jeux-geants/,jeux,party,Location de jeux géants,Jeux pour party de bureau,Jeux d'arcade et géants,Réservation en ligne 24/7,Devis en 10 minutes,Livraison Laval–Montréal,Cueillette à Ste-Thérèse,Clé en main pour votre équipe,,,,,,,,"Jeux géants, arcade et jeux de table pour party de bureau et famille. Réservez 24/7.","Une soumission, une livraison, une facture. Réponse en 10 minutes aux heures ouvrables.",,
S3 Déco lettres-mur,Search,10,Enabled,Google search,French;English,"Laval, Quebec, Canada;Terrebonne, Quebec, Canada;Blainville, Quebec, Canada;Sainte-Therese, Quebec, Canada;Boisbriand, Quebec, Canada;Mirabel, Quebec, Canada;Saint-Jerome, Quebec, Canada;Mascouche, Quebec, Canada;Repentigny, Quebec, Canada;Montreal, Quebec, Canada;Rosemere, Quebec, Canada;Lorraine, Quebec, Canada;Bois-des-Filion, Quebec, Canada;Sainte-Anne-des-Plaines, Quebec, Canada;Saint-Eustache, Quebec, Canada;Deux-Montagnes, Quebec, Canada",Monday 09:00-18:00;Tuesday 09:00-18:00;Wednesday 09:00-18:00;Thursday 09:00-18:00;Friday 09:00-18:00,Maximize clicks,2.50,Lettres lumineuses,Enabled,2.50,location lettres lumineuses,Phrase,,,,,,,,,,,,,,,,,,,,,,
S3 Déco lettres-mur,Search,10,Enabled,Google search,French;English,"Laval, Quebec, Canada;Terrebonne, Quebec, Canada;Blainville, Quebec, Canada;Sainte-Therese, Quebec, Canada;Boisbriand, Quebec, Canada;Mirabel, Quebec, Canada;Saint-Jerome, Quebec, Canada;Mascouche, Quebec, Canada;Repentigny, Quebec, Canada;Montreal, Quebec, Canada;Rosemere, Quebec, Canada;Lorraine, Quebec, Canada;Bois-des-Filion, Quebec, Canada;Sainte-Anne-des-Plaines, Quebec, Canada;Saint-Eustache, Quebec, Canada;Deux-Montagnes, Quebec, Canada",Monday 09:00-18:00;Tuesday 09:00-18:00;Wednesday 09:00-18:00;Thursday 09:00-18:00;Friday 09:00-18:00,Maximize clicks,2.50,Lettres lumineuses,Enabled,2.50,location lettres lumineuses,Exact,,,,,,,,,,,,,,,,,,,,,,
S3 Déco lettres-mur,Search,10,Enabled,Google search,French;English,"Laval, Quebec, Canada;Terrebonne, Quebec, Canada;Blainville, Quebec, Canada;Sainte-Therese, Quebec, Canada;Boisbriand, Quebec, Canada;Mirabel, Quebec, Canada;Saint-Jerome, Quebec, Canada;Mascouche, Quebec, Canada;Repentigny, Quebec, Canada;Montreal, Quebec, Canada;Rosemere, Quebec, Canada;Lorraine, Quebec, Canada;Bois-des-Filion, Quebec, Canada;Sainte-Anne-des-Plaines, Quebec, Canada;Saint-Eustache, Quebec, Canada;Deux-Montagnes, Quebec, Canada",Monday 09:00-18:00;Tuesday 09:00-18:00;Wednesday 09:00-18:00;Thursday 09:00-18:00;Friday 09:00-18:00,Maximize clicks,2.50,Lettres lumineuses,Enabled,2.50,location lettre lumineuse,Phrase,,,,,,,,,,,,,,,,,,,,,,
S3 Déco lettres-mur,Search,10,Enabled,Google search,French;English,"Laval, Quebec, Canada;Terrebonne, Quebec, Canada;Blainville, Quebec, Canada;Sainte-Therese, Quebec, Canada;Boisbriand, Quebec, Canada;Mirabel, Quebec, Canada;Saint-Jerome, Quebec, Canada;Mascouche, Quebec, Canada;Repentigny, Quebec, Canada;Montreal, Quebec, Canada;Rosemere, Quebec, Canada;Lorraine, Quebec, Canada;Bois-des-Filion, Quebec, Canada;Sainte-Anne-des-Plaines, Quebec, Canada;Saint-Eustache, Quebec, Canada;Deux-Montagnes, Quebec, Canada",Monday 09:00-18:00;Tuesday 09:00-18:00;Wednesday 09:00-18:00;Thursday 09:00-18:00;Friday 09:00-18:00,Maximize clicks,2.50,Lettres lumineuses,Enabled,2.50,location lettre lumineuse,Exact,,,,,,,,,,,,,,,,,,,,,,
S3 Déco lettres-mur,Search,10,Enabled,Google search,French;English,"Laval, Quebec, Canada;Terrebonne, Quebec, Canada;Blainville, Quebec, Canada;Sainte-Therese, Quebec, Canada;Boisbriand, Quebec, Canada;Mirabel, Quebec, Canada;Saint-Jerome, Quebec, Canada;Mascouche, Quebec, Canada;Repentigny, Quebec, Canada;Montreal, Quebec, Canada;Rosemere, Quebec, Canada;Lorraine, Quebec, Canada;Bois-des-Filion, Quebec, Canada;Sainte-Anne-des-Plaines, Quebec, Canada;Saint-Eustache, Quebec, Canada;Deux-Montagnes, Quebec, Canada",Monday 09:00-18:00;Tuesday 09:00-18:00;Wednesday 09:00-18:00;Thursday 09:00-18:00;Friday 09:00-18:00,Maximize clicks,2.50,Lettres lumineuses,Enabled,2.50,location lettre géante,Phrase,,,,,,,,,,,,,,,,,,,,,,
S3 Déco lettres-mur,Search,10,Enabled,Google search,French;English,"Laval, Quebec, Canada;Terrebonne, Quebec, Canada;Blainville, Quebec, Canada;Sainte-Therese, Quebec, Canada;Boisbriand, Quebec, Canada;Mirabel, Quebec, Canada;Saint-Jerome, Quebec, Canada;Mascouche, Quebec, Canada;Repentigny, Quebec, Canada;Montreal, Quebec, Canada;Rosemere, Quebec, Canada;Lorraine, Quebec, Canada;Bois-des-Filion, Quebec, Canada;Sainte-Anne-des-Plaines, Quebec, Canada;Saint-Eustache, Quebec, Canada;Deux-Montagnes, Quebec, Canada",Monday 09:00-18:00;Tuesday 09:00-18:00;Wednesday 09:00-18:00;Thursday 09:00-18:00;Friday 09:00-18:00,Maximize clicks,2.50,Lettres lumineuses,Enabled,2.50,location lettre géante,Exact,,,,,,,,,,,,,,,,,,,,,,
S3 Déco lettres-mur,Search,10,Enabled,Google search,French;English,"Laval, Quebec, Canada;Terrebonne, Quebec, Canada;Blainville, Quebec, Canada;Sainte-Therese, Quebec, Canada;Boisbriand, Quebec, Canada;Mirabel, Quebec, Canada;Saint-Jerome, Quebec, Canada;Mascouche, Quebec, Canada;Repentigny, Quebec, Canada;Montreal, Quebec, Canada;Rosemere, Quebec, Canada;Lorraine, Quebec, Canada;Bois-des-Filion, Quebec, Canada;Sainte-Anne-des-Plaines, Quebec, Canada;Saint-Eustache, Quebec, Canada;Deux-Montagnes, Quebec, Canada",Monday 09:00-18:00;Tuesday 09:00-18:00;Wednesday 09:00-18:00;Thursday 09:00-18:00;Friday 09:00-18:00,Maximize clicks,2.50,Lettres lumineuses,Enabled,2.50,lettres lumineuses anniversaire,Phrase,,,,,,,,,,,,,,,,,,,,,,
S3 Déco lettres-mur,Search,10,Enabled,Google search,French;English,"Laval, Quebec, Canada;Terrebonne, Quebec, Canada;Blainville, Quebec, Canada;Sainte-Therese, Quebec, Canada;Boisbriand, Quebec, Canada;Mirabel, Quebec, Canada;Saint-Jerome, Quebec, Canada;Mascouche, Quebec, Canada;Repentigny, Quebec, Canada;Montreal, Quebec, Canada;Rosemere, Quebec, Canada;Lorraine, Quebec, Canada;Bois-des-Filion, Quebec, Canada;Sainte-Anne-des-Plaines, Quebec, Canada;Saint-Eustache, Quebec, Canada;Deux-Montagnes, Quebec, Canada",Monday 09:00-18:00;Tuesday 09:00-18:00;Wednesday 09:00-18:00;Thursday 09:00-18:00;Friday 09:00-18:00,Maximize clicks,2.50,Lettres lumineuses,Enabled,2.50,lettres lumineuses anniversaire,Exact,,,,,,,,,,,,,,,,,,,,,,
S3 Déco lettres-mur,Search,10,Enabled,Google search,French;English,"Laval, Quebec, Canada;Terrebonne, Quebec, Canada;Blainville, Quebec, Canada;Sainte-Therese, Quebec, Canada;Boisbriand, Quebec, Canada;Mirabel, Quebec, Canada;Saint-Jerome, Quebec, Canada;Mascouche, Quebec, Canada;Repentigny, Quebec, Canada;Montreal, Quebec, Canada;Rosemere, Quebec, Canada;Lorraine, Quebec, Canada;Bois-des-Filion, Quebec, Canada;Sainte-Anne-des-Plaines, Quebec, Canada;Saint-Eustache, Quebec, Canada;Deux-Montagnes, Quebec, Canada",Monday 09:00-18:00;Tuesday 09:00-18:00;Wednesday 09:00-18:00;Thursday 09:00-18:00;Friday 09:00-18:00,Maximize clicks,2.50,Lettres lumineuses,Enabled,2.50,location chiffre lumineux,Phrase,,,,,,,,,,,,,,,,,,,,,,
S3 Déco lettres-mur,Search,10,Enabled,Google search,French;English,"Laval, Quebec, Canada;Terrebonne, Quebec, Canada;Blainville, Quebec, Canada;Sainte-Therese, Quebec, Canada;Boisbriand, Quebec, Canada;Mirabel, Quebec, Canada;Saint-Jerome, Quebec, Canada;Mascouche, Quebec, Canada;Repentigny, Quebec, Canada;Montreal, Quebec, Canada;Rosemere, Quebec, Canada;Lorraine, Quebec, Canada;Bois-des-Filion, Quebec, Canada;Sainte-Anne-des-Plaines, Quebec, Canada;Saint-Eustache, Quebec, Canada;Deux-Montagnes, Quebec, Canada",Monday 09:00-18:00;Tuesday 09:00-18:00;Wednesday 09:00-18:00;Thursday 09:00-18:00;Friday 09:00-18:00,Maximize clicks,2.50,Lettres lumineuses,Enabled,2.50,location chiffre lumineux,Exact,,,,,,,,,,,,,,,,,,,,,,
S3 Déco lettres-mur,Search,10,Enabled,Google search,French;English,"Laval, Quebec, Canada;Terrebonne, Quebec, Canada;Blainville, Quebec, Canada;Sainte-Therese, Quebec, Canada;Boisbriand, Quebec, Canada;Mirabel, Quebec, Canada;Saint-Jerome, Quebec, Canada;Mascouche, Quebec, Canada;Repentigny, Quebec, Canada;Montreal, Quebec, Canada;Rosemere, Quebec, Canada;Lorraine, Quebec, Canada;Bois-des-Filion, Quebec, Canada;Sainte-Anne-des-Plaines, Quebec, Canada;Saint-Eustache, Quebec, Canada;Deux-Montagnes, Quebec, Canada",Monday 09:00-18:00;Tuesday 09:00-18:00;Wednesday 09:00-18:00;Thursday 09:00-18:00;Friday 09:00-18:00,Maximize clicks,2.50,Lettres lumineuses,Enabled,2.50,location chiffres lumineux,Phrase,,,,,,,,,,,,,,,,,,,,,,
S3 Déco lettres-mur,Search,10,Enabled,Google search,French;English,"Laval, Quebec, Canada;Terrebonne, Quebec, Canada;Blainville, Quebec, Canada;Sainte-Therese, Quebec, Canada;Boisbriand, Quebec, Canada;Mirabel, Quebec, Canada;Saint-Jerome, Quebec, Canada;Mascouche, Quebec, Canada;Repentigny, Quebec, Canada;Montreal, Quebec, Canada;Rosemere, Quebec, Canada;Lorraine, Quebec, Canada;Bois-des-Filion, Quebec, Canada;Sainte-Anne-des-Plaines, Quebec, Canada;Saint-Eustache, Quebec, Canada;Deux-Montagnes, Quebec, Canada",Monday 09:00-18:00;Tuesday 09:00-18:00;Wednesday 09:00-18:00;Thursday 09:00-18:00;Friday 09:00-18:00,Maximize clicks,2.50,Lettres lumineuses,Enabled,2.50,location chiffres lumineux,Exact,,,,,,,,,,,,,,,,,,,,,,
S3 Déco lettres-mur,Search,10,Enabled,Google search,French;English,"Laval, Quebec, Canada;Terrebonne, Quebec, Canada;Blainville, Quebec, Canada;Sainte-Therese, Quebec, Canada;Boisbriand, Quebec, Canada;Mirabel, Quebec, Canada;Saint-Jerome, Quebec, Canada;Mascouche, Quebec, Canada;Repentigny, Quebec, Canada;Montreal, Quebec, Canada;Rosemere, Quebec, Canada;Lorraine, Quebec, Canada;Bois-des-Filion, Quebec, Canada;Sainte-Anne-des-Plaines, Quebec, Canada;Saint-Eustache, Quebec, Canada;Deux-Montagnes, Quebec, Canada",Monday 09:00-18:00;Tuesday 09:00-18:00;Wednesday 09:00-18:00;Thursday 09:00-18:00;Friday 09:00-18:00,Maximize clicks,2.50,Lettres lumineuses,Enabled,2.50,location lettres géantes,Phrase,,,,,,,,,,,,,,,,,,,,,,
S3 Déco lettres-mur,Search,10,Enabled,Google search,French;English,"Laval, Quebec, Canada;Terrebonne, Quebec, Canada;Blainville, Quebec, Canada;Sainte-Therese, Quebec, Canada;Boisbriand, Quebec, Canada;Mirabel, Quebec, Canada;Saint-Jerome, Quebec, Canada;Mascouche, Quebec, Canada;Repentigny, Quebec, Canada;Montreal, Quebec, Canada;Rosemere, Quebec, Canada;Lorraine, Quebec, Canada;Bois-des-Filion, Quebec, Canada;Sainte-Anne-des-Plaines, Quebec, Canada;Saint-Eustache, Quebec, Canada;Deux-Montagnes, Quebec, Canada",Monday 09:00-18:00;Tuesday 09:00-18:00;Wednesday 09:00-18:00;Thursday 09:00-18:00;Friday 09:00-18:00,Maximize clicks,2.50,Lettres lumineuses,Enabled,2.50,location lettres géantes,Exact,,,,,,,,,,,,,,,,,,,,,,
S3 Déco lettres-mur,Search,10,Enabled,Google search,French;English,"Laval, Quebec, Canada;Terrebonne, Quebec, Canada;Blainville, Quebec, Canada;Sainte-Therese, Quebec, Canada;Boisbriand, Quebec, Canada;Mirabel, Quebec, Canada;Saint-Jerome, Quebec, Canada;Mascouche, Quebec, Canada;Repentigny, Quebec, Canada;Montreal, Quebec, Canada;Rosemere, Quebec, Canada;Lorraine, Quebec, Canada;Bois-des-Filion, Quebec, Canada;Sainte-Anne-des-Plaines, Quebec, Canada;Saint-Eustache, Quebec, Canada;Deux-Montagnes, Quebec, Canada",Monday 09:00-18:00;Tuesday 09:00-18:00;Wednesday 09:00-18:00;Thursday 09:00-18:00;Friday 09:00-18:00,Maximize clicks,2.50,Lettres lumineuses,Enabled,2.50,location néon,Phrase,,,,,,,,,,,,,,,,,,,,,,
S3 Déco lettres-mur,Search,10,Enabled,Google search,French;English,"Laval, Quebec, Canada;Terrebonne, Quebec, Canada;Blainville, Quebec, Canada;Sainte-Therese, Quebec, Canada;Boisbriand, Quebec, Canada;Mirabel, Quebec, Canada;Saint-Jerome, Quebec, Canada;Mascouche, Quebec, Canada;Repentigny, Quebec, Canada;Montreal, Quebec, Canada;Rosemere, Quebec, Canada;Lorraine, Quebec, Canada;Bois-des-Filion, Quebec, Canada;Sainte-Anne-des-Plaines, Quebec, Canada;Saint-Eustache, Quebec, Canada;Deux-Montagnes, Quebec, Canada",Monday 09:00-18:00;Tuesday 09:00-18:00;Wednesday 09:00-18:00;Thursday 09:00-18:00;Friday 09:00-18:00,Maximize clicks,2.50,Lettres lumineuses,Enabled,2.50,location néon,Exact,,,,,,,,,,,,,,,,,,,,,,
S3 Déco lettres-mur,Search,10,Enabled,Google search,French;English,"Laval, Quebec, Canada;Terrebonne, Quebec, Canada;Blainville, Quebec, Canada;Sainte-Therese, Quebec, Canada;Boisbriand, Quebec, Canada;Mirabel, Quebec, Canada;Saint-Jerome, Quebec, Canada;Mascouche, Quebec, Canada;Repentigny, Quebec, Canada;Montreal, Quebec, Canada;Rosemere, Quebec, Canada;Lorraine, Quebec, Canada;Bois-des-Filion, Quebec, Canada;Sainte-Anne-des-Plaines, Quebec, Canada;Saint-Eustache, Quebec, Canada;Deux-Montagnes, Quebec, Canada",Monday 09:00-18:00;Tuesday 09:00-18:00;Wednesday 09:00-18:00;Thursday 09:00-18:00;Friday 09:00-18:00,Maximize clicks,2.50,Lettres lumineuses,Enabled,,,,https://evenox.ca/decoration-lettres-neons/,lettres,lumineuses,Location de lettres lumineuses,Lettres et chiffres géants,Pour ses 5 ans ou 30 ans,Réservation en ligne 24/7,Devis en 10 minutes,Cueillette à Ste-Thérèse,Livraison Laval–Montréal,Prêt à photographier,,,,,,,,"Lettres et chiffres lumineux pour anniversaires, mariages et party de bureau. Réservez 24/7.",Clé en main Rive-Nord. Cueillette à Ste-Thérèse ou livraison. Devis en 10 minutes.,,
S3 Déco lettres-mur,Search,10,Enabled,Google search,French;English,"Laval, Quebec, Canada;Terrebonne, Quebec, Canada;Blainville, Quebec, Canada;Sainte-Therese, Quebec, Canada;Boisbriand, Quebec, Canada;Mirabel, Quebec, Canada;Saint-Jerome, Quebec, Canada;Mascouche, Quebec, Canada;Repentigny, Quebec, Canada;Montreal, Quebec, Canada;Rosemere, Quebec, Canada;Lorraine, Quebec, Canada;Bois-des-Filion, Quebec, Canada;Sainte-Anne-des-Plaines, Quebec, Canada;Saint-Eustache, Quebec, Canada;Deux-Montagnes, Quebec, Canada",Monday 09:00-18:00;Tuesday 09:00-18:00;Wednesday 09:00-18:00;Thursday 09:00-18:00;Friday 09:00-18:00,Maximize clicks,2.50,Mur de fleurs,Enabled,2.50,location mur de fleurs,Phrase,,,,,,,,,,,,,,,,,,,,,,
S3 Déco lettres-mur,Search,10,Enabled,Google search,French;English,"Laval, Quebec, Canada;Terrebonne, Quebec, Canada;Blainville, Quebec, Canada;Sainte-Therese, Quebec, Canada;Boisbriand, Quebec, Canada;Mirabel, Quebec, Canada;Saint-Jerome, Quebec, Canada;Mascouche, Quebec, Canada;Repentigny, Quebec, Canada;Montreal, Quebec, Canada;Rosemere, Quebec, Canada;Lorraine, Quebec, Canada;Bois-des-Filion, Quebec, Canada;Sainte-Anne-des-Plaines, Quebec, Canada;Saint-Eustache, Quebec, Canada;Deux-Montagnes, Quebec, Canada",Monday 09:00-18:00;Tuesday 09:00-18:00;Wednesday 09:00-18:00;Thursday 09:00-18:00;Friday 09:00-18:00,Maximize clicks,2.50,Mur de fleurs,Enabled,2.50,location mur de fleurs,Exact,,,,,,,,,,,,,,,,,,,,,,
S3 Déco lettres-mur,Search,10,Enabled,Google search,French;English,"Laval, Quebec, Canada;Terrebonne, Quebec, Canada;Blainville, Quebec, Canada;Sainte-Therese, Quebec, Canada;Boisbriand, Quebec, Canada;Mirabel, Quebec, Canada;Saint-Jerome, Quebec, Canada;Mascouche, Quebec, Canada;Repentigny, Quebec, Canada;Montreal, Quebec, Canada;Rosemere, Quebec, Canada;Lorraine, Quebec, Canada;Bois-des-Filion, Quebec, Canada;Sainte-Anne-des-Plaines, Quebec, Canada;Saint-Eustache, Quebec, Canada;Deux-Montagnes, Quebec, Canada",Monday 09:00-18:00;Tuesday 09:00-18:00;Wednesday 09:00-18:00;Thursday 09:00-18:00;Friday 09:00-18:00,Maximize clicks,2.50,Mur de fleurs,Enabled,2.50,location mur fleuri,Phrase,,,,,,,,,,,,,,,,,,,,,,
S3 Déco lettres-mur,Search,10,Enabled,Google search,French;English,"Laval, Quebec, Canada;Terrebonne, Quebec, Canada;Blainville, Quebec, Canada;Sainte-Therese, Quebec, Canada;Boisbriand, Quebec, Canada;Mirabel, Quebec, Canada;Saint-Jerome, Quebec, Canada;Mascouche, Quebec, Canada;Repentigny, Quebec, Canada;Montreal, Quebec, Canada;Rosemere, Quebec, Canada;Lorraine, Quebec, Canada;Bois-des-Filion, Quebec, Canada;Sainte-Anne-des-Plaines, Quebec, Canada;Saint-Eustache, Quebec, Canada;Deux-Montagnes, Quebec, Canada",Monday 09:00-18:00;Tuesday 09:00-18:00;Wednesday 09:00-18:00;Thursday 09:00-18:00;Friday 09:00-18:00,Maximize clicks,2.50,Mur de fleurs,Enabled,2.50,location mur fleuri,Exact,,,,,,,,,,,,,,,,,,,,,,
S3 Déco lettres-mur,Search,10,Enabled,Google search,French;English,"Laval, Quebec, Canada;Terrebonne, Quebec, Canada;Blainville, Quebec, Canada;Sainte-Therese, Quebec, Canada;Boisbriand, Quebec, Canada;Mirabel, Quebec, Canada;Saint-Jerome, Quebec, Canada;Mascouche, Quebec, Canada;Repentigny, Quebec, Canada;Montreal, Quebec, Canada;Rosemere, Quebec, Canada;Lorraine, Quebec, Canada;Bois-des-Filion, Quebec, Canada;Sainte-Anne-des-Plaines, Quebec, Canada;Saint-Eustache, Quebec, Canada;Deux-Montagnes, Quebec, Canada",Monday 09:00-18:00;Tuesday 09:00-18:00;Wednesday 09:00-18:00;Thursday 09:00-18:00;Friday 09:00-18:00,Maximize clicks,2.50,Mur de fleurs,Enabled,2.50,mur de fleurs location,Phrase,,,,,,,,,,,,,,,,,,,,,,
S3 Déco lettres-mur,Search,10,Enabled,Google search,French;English,"Laval, Quebec, Canada;Terrebonne, Quebec, Canada;Blainville, Quebec, Canada;Sainte-Therese, Quebec, Canada;Boisbriand, Quebec, Canada;Mirabel, Quebec, Canada;Saint-Jerome, Quebec, Canada;Mascouche, Quebec, Canada;Repentigny, Quebec, Canada;Montreal, Quebec, Canada;Rosemere, Quebec, Canada;Lorraine, Quebec, Canada;Bois-des-Filion, Quebec, Canada;Sainte-Anne-des-Plaines, Quebec, Canada;Saint-Eustache, Quebec, Canada;Deux-Montagnes, Quebec, Canada",Monday 09:00-18:00;Tuesday 09:00-18:00;Wednesday 09:00-18:00;Thursday 09:00-18:00;Friday 09:00-18:00,Maximize clicks,2.50,Mur de fleurs,Enabled,2.50,mur de fleurs location,Exact,,,,,,,,,,,,,,,,,,,,,,
S3 Déco lettres-mur,Search,10,Enabled,Google search,French;English,"Laval, Quebec, Canada;Terrebonne, Quebec, Canada;Blainville, Quebec, Canada;Sainte-Therese, Quebec, Canada;Boisbriand, Quebec, Canada;Mirabel, Quebec, Canada;Saint-Jerome, Quebec, Canada;Mascouche, Quebec, Canada;Repentigny, Quebec, Canada;Montreal, Quebec, Canada;Rosemere, Quebec, Canada;Lorraine, Quebec, Canada;Bois-des-Filion, Quebec, Canada;Sainte-Anne-des-Plaines, Quebec, Canada;Saint-Eustache, Quebec, Canada;Deux-Montagnes, Quebec, Canada",Monday 09:00-18:00;Tuesday 09:00-18:00;Wednesday 09:00-18:00;Thursday 09:00-18:00;Friday 09:00-18:00,Maximize clicks,2.50,Mur de fleurs,Enabled,2.50,location mur floral,Phrase,,,,,,,,,,,,,,,,,,,,,,
S3 Déco lettres-mur,Search,10,Enabled,Google search,French;English,"Laval, Quebec, Canada;Terrebonne, Quebec, Canada;Blainville, Quebec, Canada;Sainte-Therese, Quebec, Canada;Boisbriand, Quebec, Canada;Mirabel, Quebec, Canada;Saint-Jerome, Quebec, Canada;Mascouche, Quebec, Canada;Repentigny, Quebec, Canada;Montreal, Quebec, Canada;Rosemere, Quebec, Canada;Lorraine, Quebec, Canada;Bois-des-Filion, Quebec, Canada;Sainte-Anne-des-Plaines, Quebec, Canada;Saint-Eustache, Quebec, Canada;Deux-Montagnes, Quebec, Canada",Monday 09:00-18:00;Tuesday 09:00-18:00;Wednesday 09:00-18:00;Thursday 09:00-18:00;Friday 09:00-18:00,Maximize clicks,2.50,Mur de fleurs,Enabled,2.50,location mur floral,Exact,,,,,,,,,,,,,,,,,,,,,,
S3 Déco lettres-mur,Search,10,Enabled,Google search,French;English,"Laval, Quebec, Canada;Terrebonne, Quebec, Canada;Blainville, Quebec, Canada;Sainte-Therese, Quebec, Canada;Boisbriand, Quebec, Canada;Mirabel, Quebec, Canada;Saint-Jerome, Quebec, Canada;Mascouche, Quebec, Canada;Repentigny, Quebec, Canada;Montreal, Quebec, Canada;Rosemere, Quebec, Canada;Lorraine, Quebec, Canada;Bois-des-Filion, Quebec, Canada;Sainte-Anne-des-Plaines, Quebec, Canada;Saint-Eustache, Quebec, Canada;Deux-Montagnes, Quebec, Canada",Monday 09:00-18:00;Tuesday 09:00-18:00;Wednesday 09:00-18:00;Thursday 09:00-18:00;Friday 09:00-18:00,Maximize clicks,2.50,Mur de fleurs,Enabled,2.50,location mur floral montréal,Phrase,,,,,,,,,,,,,,,,,,,,,,
S3 Déco lettres-mur,Search,10,Enabled,Google search,French;English,"Laval, Quebec, Canada;Terrebonne, Quebec, Canada;Blainville, Quebec, Canada;Sainte-Therese, Quebec, Canada;Boisbriand, Quebec, Canada;Mirabel, Quebec, Canada;Saint-Jerome, Quebec, Canada;Mascouche, Quebec, Canada;Repentigny, Quebec, Canada;Montreal, Quebec, Canada;Rosemere, Quebec, Canada;Lorraine, Quebec, Canada;Bois-des-Filion, Quebec, Canada;Sainte-Anne-des-Plaines, Quebec, Canada;Saint-Eustache, Quebec, Canada;Deux-Montagnes, Quebec, Canada",Monday 09:00-18:00;Tuesday 09:00-18:00;Wednesday 09:00-18:00;Thursday 09:00-18:00;Friday 09:00-18:00,Maximize clicks,2.50,Mur de fleurs,Enabled,2.50,location mur floral montréal,Exact,,,,,,,,,,,,,,,,,,,,,,
S3 Déco lettres-mur,Search,10,Enabled,Google search,French;English,"Laval, Quebec, Canada;Terrebonne, Quebec, Canada;Blainville, Quebec, Canada;Sainte-Therese, Quebec, Canada;Boisbriand, Quebec, Canada;Mirabel, Quebec, Canada;Saint-Jerome, Quebec, Canada;Mascouche, Quebec, Canada;Repentigny, Quebec, Canada;Montreal, Quebec, Canada;Rosemere, Quebec, Canada;Lorraine, Quebec, Canada;Bois-des-Filion, Quebec, Canada;Sainte-Anne-des-Plaines, Quebec, Canada;Saint-Eustache, Quebec, Canada;Deux-Montagnes, Quebec, Canada",Monday 09:00-18:00;Tuesday 09:00-18:00;Wednesday 09:00-18:00;Thursday 09:00-18:00;Friday 09:00-18:00,Maximize clicks,2.50,Mur de fleurs,Enabled,2.50,location arche fleurs,Phrase,,,,,,,,,,,,,,,,,,,,,,
S3 Déco lettres-mur,Search,10,Enabled,Google search,French;English,"Laval, Quebec, Canada;Terrebonne, Quebec, Canada;Blainville, Quebec, Canada;Sainte-Therese, Quebec, Canada;Boisbriand, Quebec, Canada;Mirabel, Quebec, Canada;Saint-Jerome, Quebec, Canada;Mascouche, Quebec, Canada;Repentigny, Quebec, Canada;Montreal, Quebec, Canada;Rosemere, Quebec, Canada;Lorraine, Quebec, Canada;Bois-des-Filion, Quebec, Canada;Sainte-Anne-des-Plaines, Quebec, Canada;Saint-Eustache, Quebec, Canada;Deux-Montagnes, Quebec, Canada",Monday 09:00-18:00;Tuesday 09:00-18:00;Wednesday 09:00-18:00;Thursday 09:00-18:00;Friday 09:00-18:00,Maximize clicks,2.50,Mur de fleurs,Enabled,2.50,location arche fleurs,Exact,,,,,,,,,,,,,,,,,,,,,,
S3 Déco lettres-mur,Search,10,Enabled,Google search,French;English,"Laval, Quebec, Canada;Terrebonne, Quebec, Canada;Blainville, Quebec, Canada;Sainte-Therese, Quebec, Canada;Boisbriand, Quebec, Canada;Mirabel, Quebec, Canada;Saint-Jerome, Quebec, Canada;Mascouche, Quebec, Canada;Repentigny, Quebec, Canada;Montreal, Quebec, Canada;Rosemere, Quebec, Canada;Lorraine, Quebec, Canada;Bois-des-Filion, Quebec, Canada;Sainte-Anne-des-Plaines, Quebec, Canada;Saint-Eustache, Quebec, Canada;Deux-Montagnes, Quebec, Canada",Monday 09:00-18:00;Tuesday 09:00-18:00;Wednesday 09:00-18:00;Thursday 09:00-18:00;Friday 09:00-18:00,Maximize clicks,2.50,Mur de fleurs,Enabled,2.50,location mur photo,Phrase,,,,,,,,,,,,,,,,,,,,,,
S3 Déco lettres-mur,Search,10,Enabled,Google search,French;English,"Laval, Quebec, Canada;Terrebonne, Quebec, Canada;Blainville, Quebec, Canada;Sainte-Therese, Quebec, Canada;Boisbriand, Quebec, Canada;Mirabel, Quebec, Canada;Saint-Jerome, Quebec, Canada;Mascouche, Quebec, Canada;Repentigny, Quebec, Canada;Montreal, Quebec, Canada;Rosemere, Quebec, Canada;Lorraine, Quebec, Canada;Bois-des-Filion, Quebec, Canada;Sainte-Anne-des-Plaines, Quebec, Canada;Saint-Eustache, Quebec, Canada;Deux-Montagnes, Quebec, Canada",Monday 09:00-18:00;Tuesday 09:00-18:00;Wednesday 09:00-18:00;Thursday 09:00-18:00;Friday 09:00-18:00,Maximize clicks,2.50,Mur de fleurs,Enabled,2.50,location mur photo,Exact,,,,,,,,,,,,,,,,,,,,,,
S3 Déco lettres-mur,Search,10,Enabled,Google search,French;English,"Laval, Quebec, Canada;Terrebonne, Quebec, Canada;Blainville, Quebec, Canada;Sainte-Therese, Quebec, Canada;Boisbriand, Quebec, Canada;Mirabel, Quebec, Canada;Saint-Jerome, Quebec, Canada;Mascouche, Quebec, Canada;Repentigny, Quebec, Canada;Montreal, Quebec, Canada;Rosemere, Quebec, Canada;Lorraine, Quebec, Canada;Bois-des-Filion, Quebec, Canada;Sainte-Anne-des-Plaines, Quebec, Canada;Saint-Eustache, Quebec, Canada;Deux-Montagnes, Quebec, Canada",Monday 09:00-18:00;Tuesday 09:00-18:00;Wednesday 09:00-18:00;Thursday 09:00-18:00;Friday 09:00-18:00,Maximize clicks,2.50,Mur de fleurs,Enabled,,,,https://evenox.ca/mur-decoratif/,mur,fleurs,Location de mur de fleurs,Mur fleuri Champagne,Fond photo prêt à poser,Réservation en ligne 24/7,Devis en 10 minutes,Livraison Laval–Montréal,Pour mariage et party,Cueillette à Ste-Thérèse,,,,,,,,"Mur de fleurs Champagne pour vos photos: mariage, anniversaire, party de bureau.","Clé en main Rive-Nord, Laval, Montréal. Devis en 10 minutes aux heures ouvrables.",,
S4 Photobooth,Search,8,Enabled,Google search,French;English,"Laval, Quebec, Canada;Terrebonne, Quebec, Canada;Blainville, Quebec, Canada;Sainte-Therese, Quebec, Canada;Boisbriand, Quebec, Canada;Mirabel, Quebec, Canada;Saint-Jerome, Quebec, Canada;Mascouche, Quebec, Canada;Repentigny, Quebec, Canada;Montreal, Quebec, Canada;Rosemere, Quebec, Canada;Lorraine, Quebec, Canada;Bois-des-Filion, Quebec, Canada;Sainte-Anne-des-Plaines, Quebec, Canada;Saint-Eustache, Quebec, Canada;Deux-Montagnes, Quebec, Canada",Monday 09:00-18:00;Tuesday 09:00-18:00;Wednesday 09:00-18:00;Thursday 09:00-18:00;Friday 09:00-18:00,Maximize clicks,2.50,Photobooth,Enabled,2.50,location photobooth,Phrase,,,,,,,,,,,,,,,,,,,,,,
S4 Photobooth,Search,8,Enabled,Google search,French;English,"Laval, Quebec, Canada;Terrebonne, Quebec, Canada;Blainville, Quebec, Canada;Sainte-Therese, Quebec, Canada;Boisbriand, Quebec, Canada;Mirabel, Quebec, Canada;Saint-Jerome, Quebec, Canada;Mascouche, Quebec, Canada;Repentigny, Quebec, Canada;Montreal, Quebec, Canada;Rosemere, Quebec, Canada;Lorraine, Quebec, Canada;Bois-des-Filion, Quebec, Canada;Sainte-Anne-des-Plaines, Quebec, Canada;Saint-Eustache, Quebec, Canada;Deux-Montagnes, Quebec, Canada",Monday 09:00-18:00;Tuesday 09:00-18:00;Wednesday 09:00-18:00;Thursday 09:00-18:00;Friday 09:00-18:00,Maximize clicks,2.50,Photobooth,Enabled,2.50,location photobooth,Exact,,,,,,,,,,,,,,,,,,,,,,
S4 Photobooth,Search,8,Enabled,Google search,French;English,"Laval, Quebec, Canada;Terrebonne, Quebec, Canada;Blainville, Quebec, Canada;Sainte-Therese, Quebec, Canada;Boisbriand, Quebec, Canada;Mirabel, Quebec, Canada;Saint-Jerome, Quebec, Canada;Mascouche, Quebec, Canada;Repentigny, Quebec, Canada;Montreal, Quebec, Canada;Rosemere, Quebec, Canada;Lorraine, Quebec, Canada;Bois-des-Filion, Quebec, Canada;Sainte-Anne-des-Plaines, Quebec, Canada;Saint-Eustache, Quebec, Canada;Deux-Montagnes, Quebec, Canada",Monday 09:00-18:00;Tuesday 09:00-18:00;Wednesday 09:00-18:00;Thursday 09:00-18:00;Friday 09:00-18:00,Maximize clicks,2.50,Photobooth,Enabled,2.50,location photobooth laval,Phrase,,,,,,,,,,,,,,,,,,,,,,
S4 Photobooth,Search,8,Enabled,Google search,French;English,"Laval, Quebec, Canada;Terrebonne, Quebec, Canada;Blainville, Quebec, Canada;Sainte-Therese, Quebec, Canada;Boisbriand, Quebec, Canada;Mirabel, Quebec, Canada;Saint-Jerome, Quebec, Canada;Mascouche, Quebec, Canada;Repentigny, Quebec, Canada;Montreal, Quebec, Canada;Rosemere, Quebec, Canada;Lorraine, Quebec, Canada;Bois-des-Filion, Quebec, Canada;Sainte-Anne-des-Plaines, Quebec, Canada;Saint-Eustache, Quebec, Canada;Deux-Montagnes, Quebec, Canada",Monday 09:00-18:00;Tuesday 09:00-18:00;Wednesday 09:00-18:00;Thursday 09:00-18:00;Friday 09:00-18:00,Maximize clicks,2.50,Photobooth,Enabled,2.50,location photobooth laval,Exact,,,,,,,,,,,,,,,,,,,,,,
S4 Photobooth,Search,8,Enabled,Google search,French;English,"Laval, Quebec, Canada;Terrebonne, Quebec, Canada;Blainville, Quebec, Canada;Sainte-Therese, Quebec, Canada;Boisbriand, Quebec, Canada;Mirabel, Quebec, Canada;Saint-Jerome, Quebec, Canada;Mascouche, Quebec, Canada;Repentigny, Quebec, Canada;Montreal, Quebec, Canada;Rosemere, Quebec, Canada;Lorraine, Quebec, Canada;Bois-des-Filion, Quebec, Canada;Sainte-Anne-des-Plaines, Quebec, Canada;Saint-Eustache, Quebec, Canada;Deux-Montagnes, Quebec, Canada",Monday 09:00-18:00;Tuesday 09:00-18:00;Wednesday 09:00-18:00;Thursday 09:00-18:00;Friday 09:00-18:00,Maximize clicks,2.50,Photobooth,Enabled,2.50,location photobooth montréal,Phrase,,,,,,,,,,,,,,,,,,,,,,
S4 Photobooth,Search,8,Enabled,Google search,French;English,"Laval, Quebec, Canada;Terrebonne, Quebec, Canada;Blainville, Quebec, Canada;Sainte-Therese, Quebec, Canada;Boisbriand, Quebec, Canada;Mirabel, Quebec, Canada;Saint-Jerome, Quebec, Canada;Mascouche, Quebec, Canada;Repentigny, Quebec, Canada;Montreal, Quebec, Canada;Rosemere, Quebec, Canada;Lorraine, Quebec, Canada;Bois-des-Filion, Quebec, Canada;Sainte-Anne-des-Plaines, Quebec, Canada;Saint-Eustache, Quebec, Canada;Deux-Montagnes, Quebec, Canada",Monday 09:00-18:00;Tuesday 09:00-18:00;Wednesday 09:00-18:00;Thursday 09:00-18:00;Friday 09:00-18:00,Maximize clicks,2.50,Photobooth,Enabled,2.50,location photobooth montréal,Exact,,,,,,,,,,,,,,,,,,,,,,
S4 Photobooth,Search,8,Enabled,Google search,French;English,"Laval, Quebec, Canada;Terrebonne, Quebec, Canada;Blainville, Quebec, Canada;Sainte-Therese, Quebec, Canada;Boisbriand, Quebec, Canada;Mirabel, Quebec, Canada;Saint-Jerome, Quebec, Canada;Mascouche, Quebec, Canada;Repentigny, Quebec, Canada;Montreal, Quebec, Canada;Rosemere, Quebec, Canada;Lorraine, Quebec, Canada;Bois-des-Filion, Quebec, Canada;Sainte-Anne-des-Plaines, Quebec, Canada;Saint-Eustache, Quebec, Canada;Deux-Montagnes, Quebec, Canada",Monday 09:00-18:00;Tuesday 09:00-18:00;Wednesday 09:00-18:00;Thursday 09:00-18:00;Friday 09:00-18:00,Maximize clicks,2.50,Photobooth,Enabled,2.50,photobooth party de bureau,Phrase,,,,,,,,,,,,,,,,,,,,,,
S4 Photobooth,Search,8,Enabled,Google search,French;English,"Laval, Quebec, Canada;Terrebonne, Quebec, Canada;Blainville, Quebec, Canada;Sainte-Therese, Quebec, Canada;Boisbriand, Quebec, Canada;Mirabel, Quebec, Canada;Saint-Jerome, Quebec, Canada;Mascouche, Quebec, Canada;Repentigny, Quebec, Canada;Montreal, Quebec, Canada;Rosemere, Quebec, Canada;Lorraine, Quebec, Canada;Bois-des-Filion, Quebec, Canada;Sainte-Anne-des-Plaines, Quebec, Canada;Saint-Eustache, Quebec, Canada;Deux-Montagnes, Quebec, Canada",Monday 09:00-18:00;Tuesday 09:00-18:00;Wednesday 09:00-18:00;Thursday 09:00-18:00;Friday 09:00-18:00,Maximize clicks,2.50,Photobooth,Enabled,2.50,photobooth party de bureau,Exact,,,,,,,,,,,,,,,,,,,,,,
S4 Photobooth,Search,8,Enabled,Google search,French;English,"Laval, Quebec, Canada;Terrebonne, Quebec, Canada;Blainville, Quebec, Canada;Sainte-Therese, Quebec, Canada;Boisbriand, Quebec, Canada;Mirabel, Quebec, Canada;Saint-Jerome, Quebec, Canada;Mascouche, Quebec, Canada;Repentigny, Quebec, Canada;Montreal, Quebec, Canada;Rosemere, Quebec, Canada;Lorraine, Quebec, Canada;Bois-des-Filion, Quebec, Canada;Sainte-Anne-des-Plaines, Quebec, Canada;Saint-Eustache, Quebec, Canada;Deux-Montagnes, Quebec, Canada",Monday 09:00-18:00;Tuesday 09:00-18:00;Wednesday 09:00-18:00;Thursday 09:00-18:00;Friday 09:00-18:00,Maximize clicks,2.50,Photobooth,Enabled,2.50,location borne photo,Phrase,,,,,,,,,,,,,,,,,,,,,,
S4 Photobooth,Search,8,Enabled,Google search,French;English,"Laval, Quebec, Canada;Terrebonne, Quebec, Canada;Blainville, Quebec, Canada;Sainte-Therese, Quebec, Canada;Boisbriand, Quebec, Canada;Mirabel, Quebec, Canada;Saint-Jerome, Quebec, Canada;Mascouche, Quebec, Canada;Repentigny, Quebec, Canada;Montreal, Quebec, Canada;Rosemere, Quebec, Canada;Lorraine, Quebec, Canada;Bois-des-Filion, Quebec, Canada;Sainte-Anne-des-Plaines, Quebec, Canada;Saint-Eustache, Quebec, Canada;Deux-Montagnes, Quebec, Canada",Monday 09:00-18:00;Tuesday 09:00-18:00;Wednesday 09:00-18:00;Thursday 09:00-18:00;Friday 09:00-18:00,Maximize clicks,2.50,Photobooth,Enabled,2.50,location borne photo,Exact,,,,,,,,,,,,,,,,,,,,,,
S4 Photobooth,Search,8,Enabled,Google search,French;English,"Laval, Quebec, Canada;Terrebonne, Quebec, Canada;Blainville, Quebec, Canada;Sainte-Therese, Quebec, Canada;Boisbriand, Quebec, Canada;Mirabel, Quebec, Canada;Saint-Jerome, Quebec, Canada;Mascouche, Quebec, Canada;Repentigny, Quebec, Canada;Montreal, Quebec, Canada;Rosemere, Quebec, Canada;Lorraine, Quebec, Canada;Bois-des-Filion, Quebec, Canada;Sainte-Anne-des-Plaines, Quebec, Canada;Saint-Eustache, Quebec, Canada;Deux-Montagnes, Quebec, Canada",Monday 09:00-18:00;Tuesday 09:00-18:00;Wednesday 09:00-18:00;Thursday 09:00-18:00;Friday 09:00-18:00,Maximize clicks,2.50,Photobooth,Enabled,2.50,location photobooth rive-nord,Phrase,,,,,,,,,,,,,,,,,,,,,,
S4 Photobooth,Search,8,Enabled,Google search,French;English,"Laval, Quebec, Canada;Terrebonne, Quebec, Canada;Blainville, Quebec, Canada;Sainte-Therese, Quebec, Canada;Boisbriand, Quebec, Canada;Mirabel, Quebec, Canada;Saint-Jerome, Quebec, Canada;Mascouche, Quebec, Canada;Repentigny, Quebec, Canada;Montreal, Quebec, Canada;Rosemere, Quebec, Canada;Lorraine, Quebec, Canada;Bois-des-Filion, Quebec, Canada;Sainte-Anne-des-Plaines, Quebec, Canada;Saint-Eustache, Quebec, Canada;Deux-Montagnes, Quebec, Canada",Monday 09:00-18:00;Tuesday 09:00-18:00;Wednesday 09:00-18:00;Thursday 09:00-18:00;Friday 09:00-18:00,Maximize clicks,2.50,Photobooth,Enabled,2.50,location photobooth rive-nord,Exact,,,,,,,,,,,,,,,,,,,,,,
S4 Photobooth,Search,8,Enabled,Google search,French;English,"Laval, Quebec, Canada;Terrebonne, Quebec, Canada;Blainville, Quebec, Canada;Sainte-Therese, Quebec, Canada;Boisbriand, Quebec, Canada;Mirabel, Quebec, Canada;Saint-Jerome, Quebec, Canada;Mascouche, Quebec, Canada;Repentigny, Quebec, Canada;Montreal, Quebec, Canada;Rosemere, Quebec, Canada;Lorraine, Quebec, Canada;Bois-des-Filion, Quebec, Canada;Sainte-Anne-des-Plaines, Quebec, Canada;Saint-Eustache, Quebec, Canada;Deux-Montagnes, Quebec, Canada",Monday 09:00-18:00;Tuesday 09:00-18:00;Wednesday 09:00-18:00;Thursday 09:00-18:00;Friday 09:00-18:00,Maximize clicks,2.50,Photobooth,Enabled,2.50,photobooth 360 location,Phrase,,,,,,,,,,,,,,,,,,,,,,
S4 Photobooth,Search,8,Enabled,Google search,French;English,"Laval, Quebec, Canada;Terrebonne, Quebec, Canada;Blainville, Quebec, Canada;Sainte-Therese, Quebec, Canada;Boisbriand, Quebec, Canada;Mirabel, Quebec, Canada;Saint-Jerome, Quebec, Canada;Mascouche, Quebec, Canada;Repentigny, Quebec, Canada;Montreal, Quebec, Canada;Rosemere, Quebec, Canada;Lorraine, Quebec, Canada;Bois-des-Filion, Quebec, Canada;Sainte-Anne-des-Plaines, Quebec, Canada;Saint-Eustache, Quebec, Canada;Deux-Montagnes, Quebec, Canada",Monday 09:00-18:00;Tuesday 09:00-18:00;Wednesday 09:00-18:00;Thursday 09:00-18:00;Friday 09:00-18:00,Maximize clicks,2.50,Photobooth,Enabled,2.50,photobooth 360 location,Exact,,,,,,,,,,,,,,,,,,,,,,
S4 Photobooth,Search,8,Enabled,Google search,French;English,"Laval, Quebec, Canada;Terrebonne, Quebec, Canada;Blainville, Quebec, Canada;Sainte-Therese, Quebec, Canada;Boisbriand, Quebec, Canada;Mirabel, Quebec, Canada;Saint-Jerome, Quebec, Canada;Mascouche, Quebec, Canada;Repentigny, Quebec, Canada;Montreal, Quebec, Canada;Rosemere, Quebec, Canada;Lorraine, Quebec, Canada;Bois-des-Filion, Quebec, Canada;Sainte-Anne-des-Plaines, Quebec, Canada;Saint-Eustache, Quebec, Canada;Deux-Montagnes, Quebec, Canada",Monday 09:00-18:00;Tuesday 09:00-18:00;Wednesday 09:00-18:00;Thursday 09:00-18:00;Friday 09:00-18:00,Maximize clicks,2.50,Photobooth,Enabled,2.50,location photo booth,Phrase,,,,,,,,,,,,,,,,,,,,,,
S4 Photobooth,Search,8,Enabled,Google search,French;English,"Laval, Quebec, Canada;Terrebonne, Quebec, Canada;Blainville, Quebec, Canada;Sainte-Therese, Quebec, Canada;Boisbriand, Quebec, Canada;Mirabel, Quebec, Canada;Saint-Jerome, Quebec, Canada;Mascouche, Quebec, Canada;Repentigny, Quebec, Canada;Montreal, Quebec, Canada;Rosemere, Quebec, Canada;Lorraine, Quebec, Canada;Bois-des-Filion, Quebec, Canada;Sainte-Anne-des-Plaines, Quebec, Canada;Saint-Eustache, Quebec, Canada;Deux-Montagnes, Quebec, Canada",Monday 09:00-18:00;Tuesday 09:00-18:00;Wednesday 09:00-18:00;Thursday 09:00-18:00;Friday 09:00-18:00,Maximize clicks,2.50,Photobooth,Enabled,2.50,location photo booth,Exact,,,,,,,,,,,,,,,,,,,,,,
S4 Photobooth,Search,8,Enabled,Google search,French;English,"Laval, Quebec, Canada;Terrebonne, Quebec, Canada;Blainville, Quebec, Canada;Sainte-Therese, Quebec, Canada;Boisbriand, Quebec, Canada;Mirabel, Quebec, Canada;Saint-Jerome, Quebec, Canada;Mascouche, Quebec, Canada;Repentigny, Quebec, Canada;Montreal, Quebec, Canada;Rosemere, Quebec, Canada;Lorraine, Quebec, Canada;Bois-des-Filion, Quebec, Canada;Sainte-Anne-des-Plaines, Quebec, Canada;Saint-Eustache, Quebec, Canada;Deux-Montagnes, Quebec, Canada",Monday 09:00-18:00;Tuesday 09:00-18:00;Wednesday 09:00-18:00;Thursday 09:00-18:00;Friday 09:00-18:00,Maximize clicks,2.50,Photobooth,Enabled,,,,https://evenox.ca/photobooth-location-montreal-evenox/,photobooth,location,Location de photobooth,Photobooth party de bureau,Photobooth avec animateur,Réservation en ligne 24/7,Devis en 10 minutes,Livraison Laval–Montréal,Impressions illimitées,Basé à Ste-Thérèse,,,,,,,,"Photobooth clé en main pour party de bureau, mariage et anniversaire. Réservez 24/7.","Devis en 10 minutes aux heures ouvrables. Rive-Nord, Laval, Montréal.",,
S5 Confiserie,Search,5,Enabled,Google search,French;English,"Laval, Quebec, Canada;Terrebonne, Quebec, Canada;Blainville, Quebec, Canada;Sainte-Therese, Quebec, Canada;Boisbriand, Quebec, Canada;Mirabel, Quebec, Canada;Saint-Jerome, Quebec, Canada;Mascouche, Quebec, Canada;Repentigny, Quebec, Canada;Montreal, Quebec, Canada;Rosemere, Quebec, Canada;Lorraine, Quebec, Canada;Bois-des-Filion, Quebec, Canada;Sainte-Anne-des-Plaines, Quebec, Canada;Saint-Eustache, Quebec, Canada;Deux-Montagnes, Quebec, Canada",Monday 09:00-18:00;Tuesday 09:00-18:00;Wednesday 09:00-18:00;Thursday 09:00-18:00;Friday 09:00-18:00,Maximize clicks,2.50,Machines confiserie,Enabled,2.50,location machine barbe à papa,Phrase,,,,,,,,,,,,,,,,,,,,,,
S5 Confiserie,Search,5,Enabled,Google search,French;English,"Laval, Quebec, Canada;Terrebonne, Quebec, Canada;Blainville, Quebec, Canada;Sainte-Therese, Quebec, Canada;Boisbriand, Quebec, Canada;Mirabel, Quebec, Canada;Saint-Jerome, Quebec, Canada;Mascouche, Quebec, Canada;Repentigny, Quebec, Canada;Montreal, Quebec, Canada;Rosemere, Quebec, Canada;Lorraine, Quebec, Canada;Bois-des-Filion, Quebec, Canada;Sainte-Anne-des-Plaines, Quebec, Canada;Saint-Eustache, Quebec, Canada;Deux-Montagnes, Quebec, Canada",Monday 09:00-18:00;Tuesday 09:00-18:00;Wednesday 09:00-18:00;Thursday 09:00-18:00;Friday 09:00-18:00,Maximize clicks,2.50,Machines confiserie,Enabled,2.50,location machine barbe à papa,Exact,,,,,,,,,,,,,,,,,,,,,,
S5 Confiserie,Search,5,Enabled,Google search,French;English,"Laval, Quebec, Canada;Terrebonne, Quebec, Canada;Blainville, Quebec, Canada;Sainte-Therese, Quebec, Canada;Boisbriand, Quebec, Canada;Mirabel, Quebec, Canada;Saint-Jerome, Quebec, Canada;Mascouche, Quebec, Canada;Repentigny, Quebec, Canada;Montreal, Quebec, Canada;Rosemere, Quebec, Canada;Lorraine, Quebec, Canada;Bois-des-Filion, Quebec, Canada;Sainte-Anne-des-Plaines, Quebec, Canada;Saint-Eustache, Quebec, Canada;Deux-Montagnes, Quebec, Canada",Monday 09:00-18:00;Tuesday 09:00-18:00;Wednesday 09:00-18:00;Thursday 09:00-18:00;Friday 09:00-18:00,Maximize clicks,2.50,Machines confiserie,Enabled,2.50,location machine à barbe à papa,Phrase,,,,,,,,,,,,,,,,,,,,,,
S5 Confiserie,Search,5,Enabled,Google search,French;English,"Laval, Quebec, Canada;Terrebonne, Quebec, Canada;Blainville, Quebec, Canada;Sainte-Therese, Quebec, Canada;Boisbriand, Quebec, Canada;Mirabel, Quebec, Canada;Saint-Jerome, Quebec, Canada;Mascouche, Quebec, Canada;Repentigny, Quebec, Canada;Montreal, Quebec, Canada;Rosemere, Quebec, Canada;Lorraine, Quebec, Canada;Bois-des-Filion, Quebec, Canada;Sainte-Anne-des-Plaines, Quebec, Canada;Saint-Eustache, Quebec, Canada;Deux-Montagnes, Quebec, Canada",Monday 09:00-18:00;Tuesday 09:00-18:00;Wednesday 09:00-18:00;Thursday 09:00-18:00;Friday 09:00-18:00,Maximize clicks,2.50,Machines confiserie,Enabled,2.50,location machine à barbe à papa,Exact,,,,,,,,,,,,,,,,,,,,,,
S5 Confiserie,Search,5,Enabled,Google search,French;English,"Laval, Quebec, Canada;Terrebonne, Quebec, Canada;Blainville, Quebec, Canada;Sainte-Therese, Quebec, Canada;Boisbriand, Quebec, Canada;Mirabel, Quebec, Canada;Saint-Jerome, Quebec, Canada;Mascouche, Quebec, Canada;Repentigny, Quebec, Canada;Montreal, Quebec, Canada;Rosemere, Quebec, Canada;Lorraine, Quebec, Canada;Bois-des-Filion, Quebec, Canada;Sainte-Anne-des-Plaines, Quebec, Canada;Saint-Eustache, Quebec, Canada;Deux-Montagnes, Quebec, Canada",Monday 09:00-18:00;Tuesday 09:00-18:00;Wednesday 09:00-18:00;Thursday 09:00-18:00;Friday 09:00-18:00,Maximize clicks,2.50,Machines confiserie,Enabled,2.50,location machine popcorn,Phrase,,,,,,,,,,,,,,,,,,,,,,
S5 Confiserie,Search,5,Enabled,Google search,French;English,"Laval, Quebec, Canada;Terrebonne, Quebec, Canada;Blainville, Quebec, Canada;Sainte-Therese, Quebec, Canada;Boisbriand, Quebec, Canada;Mirabel, Quebec, Canada;Saint-Jerome, Quebec, Canada;Mascouche, Quebec, Canada;Repentigny, Quebec, Canada;Montreal, Quebec, Canada;Rosemere, Quebec, Canada;Lorraine, Quebec, Canada;Bois-des-Filion, Quebec, Canada;Sainte-Anne-des-Plaines, Quebec, Canada;Saint-Eustache, Quebec, Canada;Deux-Montagnes, Quebec, Canada",Monday 09:00-18:00;Tuesday 09:00-18:00;Wednesday 09:00-18:00;Thursday 09:00-18:00;Friday 09:00-18:00,Maximize clicks,2.50,Machines confiserie,Enabled,2.50,location machine popcorn,Exact,,,,,,,,,,,,,,,,,,,,,,
S5 Confiserie,Search,5,Enabled,Google search,French;English,"Laval, Quebec, Canada;Terrebonne, Quebec, Canada;Blainville, Quebec, Canada;Sainte-Therese, Quebec, Canada;Boisbriand, Quebec, Canada;Mirabel, Quebec, Canada;Saint-Jerome, Quebec, Canada;Mascouche, Quebec, Canada;Repentigny, Quebec, Canada;Montreal, Quebec, Canada;Rosemere, Quebec, Canada;Lorraine, Quebec, Canada;Bois-des-Filion, Quebec, Canada;Sainte-Anne-des-Plaines, Quebec, Canada;Saint-Eustache, Quebec, Canada;Deux-Montagnes, Quebec, Canada",Monday 09:00-18:00;Tuesday 09:00-18:00;Wednesday 09:00-18:00;Thursday 09:00-18:00;Friday 09:00-18:00,Maximize clicks,2.50,Machines confiserie,Enabled,2.50,location machine pop corn,Phrase,,,,,,,,,,,,,,,,,,,,,,
S5 Confiserie,Search,5,Enabled,Google search,French;English,"Laval, Quebec, Canada;Terrebonne, Quebec, Canada;Blainville, Quebec, Canada;Sainte-Therese, Quebec, Canada;Boisbriand, Quebec, Canada;Mirabel, Quebec, Canada;Saint-Jerome, Quebec, Canada;Mascouche, Quebec, Canada;Repentigny, Quebec, Canada;Montreal, Quebec, Canada;Rosemere, Quebec, Canada;Lorraine, Quebec, Canada;Bois-des-Filion, Quebec, Canada;Sainte-Anne-des-Plaines, Quebec, Canada;Saint-Eustache, Quebec, Canada;Deux-Montagnes, Quebec, Canada",Monday 09:00-18:00;Tuesday 09:00-18:00;Wednesday 09:00-18:00;Thursday 09:00-18:00;Friday 09:00-18:00,Maximize clicks,2.50,Machines confiserie,Enabled,2.50,location machine pop corn,Exact,,,,,,,,,,,,,,,,,,,,,,
S5 Confiserie,Search,5,Enabled,Google search,French;English,"Laval, Quebec, Canada;Terrebonne, Quebec, Canada;Blainville, Quebec, Canada;Sainte-Therese, Quebec, Canada;Boisbriand, Quebec, Canada;Mirabel, Quebec, Canada;Saint-Jerome, Quebec, Canada;Mascouche, Quebec, Canada;Repentigny, Quebec, Canada;Montreal, Quebec, Canada;Rosemere, Quebec, Canada;Lorraine, Quebec, Canada;Bois-des-Filion, Quebec, Canada;Sainte-Anne-des-Plaines, Quebec, Canada;Saint-Eustache, Quebec, Canada;Deux-Montagnes, Quebec, Canada",Monday 09:00-18:00;Tuesday 09:00-18:00;Wednesday 09:00-18:00;Thursday 09:00-18:00;Friday 09:00-18:00,Maximize clicks,2.50,Machines confiserie,Enabled,2.50,location machine à slush,Phrase,,,,,,,,,,,,,,,,,,,,,,
S5 Confiserie,Search,5,Enabled,Google search,French;English,"Laval, Quebec, Canada;Terrebonne, Quebec, Canada;Blainville, Quebec, Canada;Sainte-Therese, Quebec, Canada;Boisbriand, Quebec, Canada;Mirabel, Quebec, Canada;Saint-Jerome, Quebec, Canada;Mascouche, Quebec, Canada;Repentigny, Quebec, Canada;Montreal, Quebec, Canada;Rosemere, Quebec, Canada;Lorraine, Quebec, Canada;Bois-des-Filion, Quebec, Canada;Sainte-Anne-des-Plaines, Quebec, Canada;Saint-Eustache, Quebec, Canada;Deux-Montagnes, Quebec, Canada",Monday 09:00-18:00;Tuesday 09:00-18:00;Wednesday 09:00-18:00;Thursday 09:00-18:00;Friday 09:00-18:00,Maximize clicks,2.50,Machines confiserie,Enabled,2.50,location machine à slush,Exact,,,,,,,,,,,,,,,,,,,,,,
S5 Confiserie,Search,5,Enabled,Google search,French;English,"Laval, Quebec, Canada;Terrebonne, Quebec, Canada;Blainville, Quebec, Canada;Sainte-Therese, Quebec, Canada;Boisbriand, Quebec, Canada;Mirabel, Quebec, Canada;Saint-Jerome, Quebec, Canada;Mascouche, Quebec, Canada;Repentigny, Quebec, Canada;Montreal, Quebec, Canada;Rosemere, Quebec, Canada;Lorraine, Quebec, Canada;Bois-des-Filion, Quebec, Canada;Sainte-Anne-des-Plaines, Quebec, Canada;Saint-Eustache, Quebec, Canada;Deux-Montagnes, Quebec, Canada",Monday 09:00-18:00;Tuesday 09:00-18:00;Wednesday 09:00-18:00;Thursday 09:00-18:00;Friday 09:00-18:00,Maximize clicks,2.50,Machines confiserie,Enabled,2.50,location machine confiserie,Phrase,,,,,,,,,,,,,,,,,,,,,,
S5 Confiserie,Search,5,Enabled,Google search,French;English,"Laval, Quebec, Canada;Terrebonne, Quebec, Canada;Blainville, Quebec, Canada;Sainte-Therese, Quebec, Canada;Boisbriand, Quebec, Canada;Mirabel, Quebec, Canada;Saint-Jerome, Quebec, Canada;Mascouche, Quebec, Canada;Repentigny, Quebec, Canada;Montreal, Quebec, Canada;Rosemere, Quebec, Canada;Lorraine, Quebec, Canada;Bois-des-Filion, Quebec, Canada;Sainte-Anne-des-Plaines, Quebec, Canada;Saint-Eustache, Quebec, Canada;Deux-Montagnes, Quebec, Canada",Monday 09:00-18:00;Tuesday 09:00-18:00;Wednesday 09:00-18:00;Thursday 09:00-18:00;Friday 09:00-18:00,Maximize clicks,2.50,Machines confiserie,Enabled,2.50,location machine confiserie,Exact,,,,,,,,,,,,,,,,,,,,,,
S5 Confiserie,Search,5,Enabled,Google search,French;English,"Laval, Quebec, Canada;Terrebonne, Quebec, Canada;Blainville, Quebec, Canada;Sainte-Therese, Quebec, Canada;Boisbriand, Quebec, Canada;Mirabel, Quebec, Canada;Saint-Jerome, Quebec, Canada;Mascouche, Quebec, Canada;Repentigny, Quebec, Canada;Montreal, Quebec, Canada;Rosemere, Quebec, Canada;Lorraine, Quebec, Canada;Bois-des-Filion, Quebec, Canada;Sainte-Anne-des-Plaines, Quebec, Canada;Saint-Eustache, Quebec, Canada;Deux-Montagnes, Quebec, Canada",Monday 09:00-18:00;Tuesday 09:00-18:00;Wednesday 09:00-18:00;Thursday 09:00-18:00;Friday 09:00-18:00,Maximize clicks,2.50,Machines confiserie,Enabled,2.50,location machine à bonbons,Phrase,,,,,,,,,,,,,,,,,,,,,,
S5 Confiserie,Search,5,Enabled,Google search,French;English,"Laval, Quebec, Canada;Terrebonne, Quebec, Canada;Blainville, Quebec, Canada;Sainte-Therese, Quebec, Canada;Boisbriand, Quebec, Canada;Mirabel, Quebec, Canada;Saint-Jerome, Quebec, Canada;Mascouche, Quebec, Canada;Repentigny, Quebec, Canada;Montreal, Quebec, Canada;Rosemere, Quebec, Canada;Lorraine, Quebec, Canada;Bois-des-Filion, Quebec, Canada;Sainte-Anne-des-Plaines, Quebec, Canada;Saint-Eustache, Quebec, Canada;Deux-Montagnes, Quebec, Canada",Monday 09:00-18:00;Tuesday 09:00-18:00;Wednesday 09:00-18:00;Thursday 09:00-18:00;Friday 09:00-18:00,Maximize clicks,2.50,Machines confiserie,Enabled,2.50,location machine à bonbons,Exact,,,,,,,,,,,,,,,,,,,,,,
S5 Confiserie,Search,5,Enabled,Google search,French;English,"Laval, Quebec, Canada;Terrebonne, Quebec, Canada;Blainville, Quebec, Canada;Sainte-Therese, Quebec, Canada;Boisbriand, Quebec, Canada;Mirabel, Quebec, Canada;Saint-Jerome, Quebec, Canada;Mascouche, Quebec, Canada;Repentigny, Quebec, Canada;Montreal, Quebec, Canada;Rosemere, Quebec, Canada;Lorraine, Quebec, Canada;Bois-des-Filion, Quebec, Canada;Sainte-Anne-des-Plaines, Quebec, Canada;Saint-Eustache, Quebec, Canada;Deux-Montagnes, Quebec, Canada",Monday 09:00-18:00;Tuesday 09:00-18:00;Wednesday 09:00-18:00;Thursday 09:00-18:00;Friday 09:00-18:00,Maximize clicks,2.50,Machines confiserie,Enabled,2.50,machine barbe à papa louer,Phrase,,,,,,,,,,,,,,,,,,,,,,
S5 Confiserie,Search,5,Enabled,Google search,French;English,"Laval, Quebec, Canada;Terrebonne, Quebec, Canada;Blainville, Quebec, Canada;Sainte-Therese, Quebec, Canada;Boisbriand, Quebec, Canada;Mirabel, Quebec, Canada;Saint-Jerome, Quebec, Canada;Mascouche, Quebec, Canada;Repentigny, Quebec, Canada;Montreal, Quebec, Canada;Rosemere, Quebec, Canada;Lorraine, Quebec, Canada;Bois-des-Filion, Quebec, Canada;Sainte-Anne-des-Plaines, Quebec, Canada;Saint-Eustache, Quebec, Canada;Deux-Montagnes, Quebec, Canada",Monday 09:00-18:00;Tuesday 09:00-18:00;Wednesday 09:00-18:00;Thursday 09:00-18:00;Friday 09:00-18:00,Maximize clicks,2.50,Machines confiserie,Enabled,2.50,machine barbe à papa louer,Exact,,,,,,,,,,,,,,,,,,,,,,
S5 Confiserie,Search,5,Enabled,Google search,French;English,"Laval, Quebec, Canada;Terrebonne, Quebec, Canada;Blainville, Quebec, Canada;Sainte-Therese, Quebec, Canada;Boisbriand, Quebec, Canada;Mirabel, Quebec, Canada;Saint-Jerome, Quebec, Canada;Mascouche, Quebec, Canada;Repentigny, Quebec, Canada;Montreal, Quebec, Canada;Rosemere, Quebec, Canada;Lorraine, Quebec, Canada;Bois-des-Filion, Quebec, Canada;Sainte-Anne-des-Plaines, Quebec, Canada;Saint-Eustache, Quebec, Canada;Deux-Montagnes, Quebec, Canada",Monday 09:00-18:00;Tuesday 09:00-18:00;Wednesday 09:00-18:00;Thursday 09:00-18:00;Friday 09:00-18:00,Maximize clicks,2.50,Machines confiserie,Enabled,,,,https://evenox.ca/friandises-confiseries/,confiserie,machines,Location machine barbe à papa,"Popcorn, slush, barbe à papa",Cueillette à Ste-Thérèse,Réservation en ligne 24/7,Devis en 10 minutes,Livraison Laval–Montréal,Pour fêtes et party,Facile à utiliser,,,,,,,,"Barbe à papa, popcorn et slush pour vos fêtes. Réservez en ligne, cueillette Ste-Thérèse.",Location clé en main Rive-Nord. Devis en 10 minutes aux heures ouvrables.,,
S6 Marque,Search,3,Enabled,Google search,French;English,"Laval, Quebec, Canada;Terrebonne, Quebec, Canada;Blainville, Quebec, Canada;Sainte-Therese, Quebec, Canada;Boisbriand, Quebec, Canada;Mirabel, Quebec, Canada;Saint-Jerome, Quebec, Canada;Mascouche, Quebec, Canada;Repentigny, Quebec, Canada;Montreal, Quebec, Canada;Rosemere, Quebec, Canada;Lorraine, Quebec, Canada;Bois-des-Filion, Quebec, Canada;Sainte-Anne-des-Plaines, Quebec, Canada;Saint-Eustache, Quebec, Canada;Deux-Montagnes, Quebec, Canada",Monday 09:00-18:00;Tuesday 09:00-18:00;Wednesday 09:00-18:00;Thursday 09:00-18:00;Friday 09:00-18:00,Maximize clicks,2.50,Évenox,Enabled,2.50,evenox,Phrase,,,,,,,,,,,,,,,,,,,,,,
S6 Marque,Search,3,Enabled,Google search,French;English,"Laval, Quebec, Canada;Terrebonne, Quebec, Canada;Blainville, Quebec, Canada;Sainte-Therese, Quebec, Canada;Boisbriand, Quebec, Canada;Mirabel, Quebec, Canada;Saint-Jerome, Quebec, Canada;Mascouche, Quebec, Canada;Repentigny, Quebec, Canada;Montreal, Quebec, Canada;Rosemere, Quebec, Canada;Lorraine, Quebec, Canada;Bois-des-Filion, Quebec, Canada;Sainte-Anne-des-Plaines, Quebec, Canada;Saint-Eustache, Quebec, Canada;Deux-Montagnes, Quebec, Canada",Monday 09:00-18:00;Tuesday 09:00-18:00;Wednesday 09:00-18:00;Thursday 09:00-18:00;Friday 09:00-18:00,Maximize clicks,2.50,Évenox,Enabled,2.50,evenox,Exact,,,,,,,,,,,,,,,,,,,,,,
S6 Marque,Search,3,Enabled,Google search,French;English,"Laval, Quebec, Canada;Terrebonne, Quebec, Canada;Blainville, Quebec, Canada;Sainte-Therese, Quebec, Canada;Boisbriand, Quebec, Canada;Mirabel, Quebec, Canada;Saint-Jerome, Quebec, Canada;Mascouche, Quebec, Canada;Repentigny, Quebec, Canada;Montreal, Quebec, Canada;Rosemere, Quebec, Canada;Lorraine, Quebec, Canada;Bois-des-Filion, Quebec, Canada;Sainte-Anne-des-Plaines, Quebec, Canada;Saint-Eustache, Quebec, Canada;Deux-Montagnes, Quebec, Canada",Monday 09:00-18:00;Tuesday 09:00-18:00;Wednesday 09:00-18:00;Thursday 09:00-18:00;Friday 09:00-18:00,Maximize clicks,2.50,Évenox,Enabled,2.50,évenox,Phrase,,,,,,,,,,,,,,,,,,,,,,
S6 Marque,Search,3,Enabled,Google search,French;English,"Laval, Quebec, Canada;Terrebonne, Quebec, Canada;Blainville, Quebec, Canada;Sainte-Therese, Quebec, Canada;Boisbriand, Quebec, Canada;Mirabel, Quebec, Canada;Saint-Jerome, Quebec, Canada;Mascouche, Quebec, Canada;Repentigny, Quebec, Canada;Montreal, Quebec, Canada;Rosemere, Quebec, Canada;Lorraine, Quebec, Canada;Bois-des-Filion, Quebec, Canada;Sainte-Anne-des-Plaines, Quebec, Canada;Saint-Eustache, Quebec, Canada;Deux-Montagnes, Quebec, Canada",Monday 09:00-18:00;Tuesday 09:00-18:00;Wednesday 09:00-18:00;Thursday 09:00-18:00;Friday 09:00-18:00,Maximize clicks,2.50,Évenox,Enabled,2.50,évenox,Exact,,,,,,,,,,,,,,,,,,,,,,
S6 Marque,Search,3,Enabled,Google search,French;English,"Laval, Quebec, Canada;Terrebonne, Quebec, Canada;Blainville, Quebec, Canada;Sainte-Therese, Quebec, Canada;Boisbriand, Quebec, Canada;Mirabel, Quebec, Canada;Saint-Jerome, Quebec, Canada;Mascouche, Quebec, Canada;Repentigny, Quebec, Canada;Montreal, Quebec, Canada;Rosemere, Quebec, Canada;Lorraine, Quebec, Canada;Bois-des-Filion, Quebec, Canada;Sainte-Anne-des-Plaines, Quebec, Canada;Saint-Eustache, Quebec, Canada;Deux-Montagnes, Quebec, Canada",Monday 09:00-18:00;Tuesday 09:00-18:00;Wednesday 09:00-18:00;Thursday 09:00-18:00;Friday 09:00-18:00,Maximize clicks,2.50,Évenox,Enabled,2.50,evenox location,Phrase,,,,,,,,,,,,,,,,,,,,,,
S6 Marque,Search,3,Enabled,Google search,French;English,"Laval, Quebec, Canada;Terrebonne, Quebec, Canada;Blainville, Quebec, Canada;Sainte-Therese, Quebec, Canada;Boisbriand, Quebec, Canada;Mirabel, Quebec, Canada;Saint-Jerome, Quebec, Canada;Mascouche, Quebec, Canada;Repentigny, Quebec, Canada;Montreal, Quebec, Canada;Rosemere, Quebec, Canada;Lorraine, Quebec, Canada;Bois-des-Filion, Quebec, Canada;Sainte-Anne-des-Plaines, Quebec, Canada;Saint-Eustache, Quebec, Canada;Deux-Montagnes, Quebec, Canada",Monday 09:00-18:00;Tuesday 09:00-18:00;Wednesday 09:00-18:00;Thursday 09:00-18:00;Friday 09:00-18:00,Maximize clicks,2.50,Évenox,Enabled,2.50,evenox location,Exact,,,,,,,,,,,,,,,,,,,,,,
S6 Marque,Search,3,Enabled,Google search,French;English,"Laval, Quebec, Canada;Terrebonne, Quebec, Canada;Blainville, Quebec, Canada;Sainte-Therese, Quebec, Canada;Boisbriand, Quebec, Canada;Mirabel, Quebec, Canada;Saint-Jerome, Quebec, Canada;Mascouche, Quebec, Canada;Repentigny, Quebec, Canada;Montreal, Quebec, Canada;Rosemere, Quebec, Canada;Lorraine, Quebec, Canada;Bois-des-Filion, Quebec, Canada;Sainte-Anne-des-Plaines, Quebec, Canada;Saint-Eustache, Quebec, Canada;Deux-Montagnes, Quebec, Canada",Monday 09:00-18:00;Tuesday 09:00-18:00;Wednesday 09:00-18:00;Thursday 09:00-18:00;Friday 09:00-18:00,Maximize clicks,2.50,Évenox,Enabled,2.50,evenox ste-thérèse,Phrase,,,,,,,,,,,,,,,,,,,,,,
S6 Marque,Search,3,Enabled,Google search,French;English,"Laval, Quebec, Canada;Terrebonne, Quebec, Canada;Blainville, Quebec, Canada;Sainte-Therese, Quebec, Canada;Boisbriand, Quebec, Canada;Mirabel, Quebec, Canada;Saint-Jerome, Quebec, Canada;Mascouche, Quebec, Canada;Repentigny, Quebec, Canada;Montreal, Quebec, Canada;Rosemere, Quebec, Canada;Lorraine, Quebec, Canada;Bois-des-Filion, Quebec, Canada;Sainte-Anne-des-Plaines, Quebec, Canada;Saint-Eustache, Quebec, Canada;Deux-Montagnes, Quebec, Canada",Monday 09:00-18:00;Tuesday 09:00-18:00;Wednesday 09:00-18:00;Thursday 09:00-18:00;Friday 09:00-18:00,Maximize clicks,2.50,Évenox,Enabled,2.50,evenox ste-thérèse,Exact,,,,,,,,,,,,,,,,,,,,,,
S6 Marque,Search,3,Enabled,Google search,French;English,"Laval, Quebec, Canada;Terrebonne, Quebec, Canada;Blainville, Quebec, Canada;Sainte-Therese, Quebec, Canada;Boisbriand, Quebec, Canada;Mirabel, Quebec, Canada;Saint-Jerome, Quebec, Canada;Mascouche, Quebec, Canada;Repentigny, Quebec, Canada;Montreal, Quebec, Canada;Rosemere, Quebec, Canada;Lorraine, Quebec, Canada;Bois-des-Filion, Quebec, Canada;Sainte-Anne-des-Plaines, Quebec, Canada;Saint-Eustache, Quebec, Canada;Deux-Montagnes, Quebec, Canada",Monday 09:00-18:00;Tuesday 09:00-18:00;Wednesday 09:00-18:00;Thursday 09:00-18:00;Friday 09:00-18:00,Maximize clicks,2.50,Évenox,Enabled,2.50,evenox laval,Phrase,,,,,,,,,,,,,,,,,,,,,,
S6 Marque,Search,3,Enabled,Google search,French;English,"Laval, Quebec, Canada;Terrebonne, Quebec, Canada;Blainville, Quebec, Canada;Sainte-Therese, Quebec, Canada;Boisbriand, Quebec, Canada;Mirabel, Quebec, Canada;Saint-Jerome, Quebec, Canada;Mascouche, Quebec, Canada;Repentigny, Quebec, Canada;Montreal, Quebec, Canada;Rosemere, Quebec, Canada;Lorraine, Quebec, Canada;Bois-des-Filion, Quebec, Canada;Sainte-Anne-des-Plaines, Quebec, Canada;Saint-Eustache, Quebec, Canada;Deux-Montagnes, Quebec, Canada",Monday 09:00-18:00;Tuesday 09:00-18:00;Wednesday 09:00-18:00;Thursday 09:00-18:00;Friday 09:00-18:00,Maximize clicks,2.50,Évenox,Enabled,2.50,evenox laval,Exact,,,,,,,,,,,,,,,,,,,,,,
S6 Marque,Search,3,Enabled,Google search,French;English,"Laval, Quebec, Canada;Terrebonne, Quebec, Canada;Blainville, Quebec, Canada;Sainte-Therese, Quebec, Canada;Boisbriand, Quebec, Canada;Mirabel, Quebec, Canada;Saint-Jerome, Quebec, Canada;Mascouche, Quebec, Canada;Repentigny, Quebec, Canada;Montreal, Quebec, Canada;Rosemere, Quebec, Canada;Lorraine, Quebec, Canada;Bois-des-Filion, Quebec, Canada;Sainte-Anne-des-Plaines, Quebec, Canada;Saint-Eustache, Quebec, Canada;Deux-Montagnes, Quebec, Canada",Monday 09:00-18:00;Tuesday 09:00-18:00;Wednesday 09:00-18:00;Thursday 09:00-18:00;Friday 09:00-18:00,Maximize clicks,2.50,Évenox,Enabled,,,,https://evenox.ca/,,,Évenox | Location d'événement,Site officiel Évenox,Réservation en ligne 24/7,Devis en 10 minutes,Cueillette à Ste-Thérèse,"Jeux, déco, photobooth",,,,,,,,,,"Location de matériel événementiel clé en main. Rive-Nord, Laval, Montréal.",Configurez votre liste en ligne et recevez votre devis en 10 minutes.,,
